date,ISM Manufacturing,ISM Nonmanufacturing SA,ISM Manufacturing Production,ISM Manufacturing New Orders,ISM Manufacturing Employment,ISM Manufacturing Prices,ISM Manufacturing Exports Orders,ISM Manufacturing Inventory level,ISM Nonmanufacturing Production,ISM Nonmanufacturing New Orders,ISM Nonmanufacturing Employment,ISM Nonmanufacturing Prices
1/1/1948,51.7,#N/A N/A,59.1,53.3,54.8,72.2,#N/A N/A,45.3,#N/A N/A,#N/A N/A,#N/A N/A,#N/A N/A
2/1/1948,50.2,#N/A N/A,55.2,51.1,55.8,62.7,#N/A N/A,43.9,#N/A N/A,#N/A N/A,#N/A N/A,#N/A N/A
3/1/1948,43.3,#N/A N/A,47.8,43.9,44,69.3,#N/A N/A,44.5,#N/A N/A,#N/A N/A,#N/A N/A,#N/A N/A
4/1/1948,45.4,#N/A N/A,49.5,44.5,43.9,75.8,#N/A N/A,46.1,#N/A N/A,#N/A N/A,#N/A N/A,#N/A N/A
5/1/1948,49.5,#N/A N/A,52.1,51.2,51.8,70.8,#N/A N/A,47,#N/A N/A,#N/A N/A,#N/A N/A,#N/A N/A
6/1/1948,53,#N/A N/A,56.8,58.1,50.8,78.5,#N/A N/A,54.7,#N/A N/A,#N/A N/A,#N/A N/A,#N/A N/A
7/1/1948,48.4,#N/A N/A,51.4,50.4,49.1,77.3,#N/A N/A,51.1,#N/A N/A,#N/A N/A,#N/A N/A,#N/A N/A
8/1/1948,45.1,#N/A N/A,51,46,46.1,77,#N/A N/A,46.6,#N/A N/A,#N/A N/A,#N/A N/A,#N/A N/A
9/1/1948,42.1,#N/A N/A,47.9,40.6,46.1,66,#N/A N/A,45.2,#N/A N/A,#N/A N/A,#N/A N/A,#N/A N/A
10/1/1948,47.2,#N/A N/A,52.7,52.1,47.5,56.6,#N/A N/A,45.4,#N/A N/A,#N/A N/A,#N/A N/A,#N/A N/A
11/1/1948,42.4,#N/A N/A,48.9,43.2,44,51,#N/A N/A,42.6,#N/A N/A,#N/A N/A,#N/A N/A,#N/A N/A
12/1/1948,35,#N/A N/A,42.1,34.5,39,47.5,#N/A N/A,37,#N/A N/A,#N/A N/A,#N/A N/A,#N/A N/A
1/1/1949,32.9,#N/A N/A,42,31.4,34.1,39.6,#N/A N/A,36.6,#N/A N/A,#N/A N/A,#N/A N/A,#N/A N/A
2/1/1949,31.3,#N/A N/A,39.6,34.2,28.3,31.3,#N/A N/A,34.9,#N/A N/A,#N/A N/A,#N/A N/A,#N/A N/A
3/1/1949,34.5,#N/A N/A,41.9,42.1,31.1,31.8,#N/A N/A,33.3,#N/A N/A,#N/A N/A,#N/A N/A,#N/A N/A
4/1/1949,35.5,#N/A N/A,44.1,42.3,31.6,13.8,#N/A N/A,27.9,#N/A N/A,#N/A N/A,#N/A N/A,#N/A N/A
5/1/1949,32.6,#N/A N/A,38.2,41.1,29,20.1,#N/A N/A,25.5,#N/A N/A,#N/A N/A,#N/A N/A,#N/A N/A
6/1/1949,31.6,#N/A N/A,38.4,39.8,27.2,10.6,#N/A N/A,24.1,#N/A N/A,#N/A N/A,#N/A N/A,#N/A N/A
7/1/1949,39,#N/A N/A,47,49.1,34.8,28.8,#N/A N/A,21.5,#N/A N/A,#N/A N/A,#N/A N/A,#N/A N/A
8/1/1949,47,#N/A N/A,58.5,55.7,40,42.7,#N/A N/A,26.8,#N/A N/A,#N/A N/A,#N/A N/A,#N/A N/A
9/1/1949,52.3,#N/A N/A,60.3,58,51.4,47.5,#N/A N/A,35.8,#N/A N/A,#N/A N/A,#N/A N/A,#N/A N/A
10/1/1949,51,#N/A N/A,54.5,58.9,43.7,42.1,#N/A N/A,40.6,#N/A N/A,#N/A N/A,#N/A N/A,#N/A N/A
11/1/1949,51,#N/A N/A,55.7,58.7,42.9,51.1,#N/A N/A,31.3,#N/A N/A,#N/A N/A,#N/A N/A,#N/A N/A
12/1/1949,57.3,#N/A N/A,63.3,53.1,52.6,49.9,#N/A N/A,41.7,#N/A N/A,#N/A N/A,#N/A N/A,#N/A N/A
1/1/1950,59.1,#N/A N/A,64.3,62.3,57.7,62.4,#N/A N/A,43.6,#N/A N/A,#N/A N/A,#N/A N/A,#N/A N/A
2/1/1950,60.5,#N/A N/A,66.7,62.5,51.1,70.9,#N/A N/A,46.4,#N/A N/A,#N/A N/A,#N/A N/A,#N/A N/A
3/1/1950,62.1,#N/A N/A,65.8,61.8,56.9,77,#N/A N/A,48.8,#N/A N/A,#N/A N/A,#N/A N/A,#N/A N/A
4/1/1950,68.1,#N/A N/A,74.8,71,63.4,80.2,#N/A N/A,50.6,#N/A N/A,#N/A N/A,#N/A N/A,#N/A N/A
5/1/1950,74.7,#N/A N/A,78.1,76.6,69.8,98.2,#N/A N/A,58.2,#N/A N/A,#N/A N/A,#N/A N/A,#N/A N/A
6/1/1950,76.6,#N/A N/A,79.1,82.6,71.9,100,#N/A N/A,62.1,#N/A N/A,#N/A N/A,#N/A N/A,#N/A N/A
7/1/1950,77.5,#N/A N/A,77.1,80.3,72.5,90.7,#N/A N/A,62.7,#N/A N/A,#N/A N/A,#N/A N/A,#N/A N/A
8/1/1950,75.8,#N/A N/A,78.7,77.1,72.3,84.8,#N/A N/A,62.3,#N/A N/A,#N/A N/A,#N/A N/A,#N/A N/A
9/1/1950,68.1,#N/A N/A,68.6,66.4,72.2,84.4,#N/A N/A,55.2,#N/A N/A,#N/A N/A,#N/A N/A,#N/A N/A
10/1/1950,59.2,#N/A N/A,62.9,49,65.6,84.8,#N/A N/A,50.6,#N/A N/A,#N/A N/A,#N/A N/A,#N/A N/A
11/1/1950,63.1,#N/A N/A,63.6,57.2,66.7,85.1,#N/A N/A,48.3,#N/A N/A,#N/A N/A,#N/A N/A,#N/A N/A
12/1/1950,67.1,#N/A N/A,62.5,67.7,65.1,91.1,#N/A N/A,49.7,#N/A N/A,#N/A N/A,#N/A N/A,#N/A N/A
1/1/1951,67.8,#N/A N/A,63,67.9,67.8,85.1,#N/A N/A,48,#N/A N/A,#N/A N/A,#N/A N/A,#N/A N/A
2/1/1951,69.3,#N/A N/A,61.4,70,73.7,86.5,#N/A N/A,42.1,#N/A N/A,#N/A N/A,#N/A N/A,#N/A N/A
3/1/1951,65.5,#N/A N/A,61.2,61,72,76.6,#N/A N/A,47.4,#N/A N/A,#N/A N/A,#N/A N/A,#N/A N/A
4/1/1951,53.5,#N/A N/A,53.5,42.3,61.9,68.5,#N/A N/A,51.8,#N/A N/A,#N/A N/A,#N/A N/A,#N/A N/A
5/1/1951,50.7,#N/A N/A,54.2,45.2,58.8,63.6,#N/A N/A,51.2,#N/A N/A,#N/A N/A,#N/A N/A,#N/A N/A
6/1/1951,45.5,#N/A N/A,48.6,39.1,56.4,52.1,#N/A N/A,48.4,#N/A N/A,#N/A N/A,#N/A N/A,#N/A N/A
7/1/1951,42.1,#N/A N/A,41.6,38.2,53.2,46.4,#N/A N/A,47.8,#N/A N/A,#N/A N/A,#N/A N/A,#N/A N/A
8/1/1951,43.6,#N/A N/A,48.4,38.5,51.7,43.2,#N/A N/A,46.7,#N/A N/A,#N/A N/A,#N/A N/A,#N/A N/A
9/1/1951,48.1,#N/A N/A,50.2,48.2,48.6,45.7,#N/A N/A,43.8,#N/A N/A,#N/A N/A,#N/A N/A,#N/A N/A
10/1/1951,49.6,#N/A N/A,50.3,51.7,51.1,54.4,#N/A N/A,42,#N/A N/A,#N/A N/A,#N/A N/A,#N/A N/A
11/1/1951,47.2,#N/A N/A,50.9,49.3,50.2,55.6,#N/A N/A,44.5,#N/A N/A,#N/A N/A,#N/A N/A,#N/A N/A
12/1/1951,46.5,#N/A N/A,52.8,45.3,51.8,56.6,#N/A N/A,42.6,#N/A N/A,#N/A N/A,#N/A N/A,#N/A N/A
1/1/1952,44.7,#N/A N/A,49.5,46.8,46.9,51.8,#N/A N/A,42.5,#N/A N/A,#N/A N/A,#N/A N/A,#N/A N/A
2/1/1952,41.8,#N/A N/A,49.9,42.3,44.8,52.7,#N/A N/A,39.3,#N/A N/A,#N/A N/A,#N/A N/A,#N/A N/A
3/1/1952,40,#N/A N/A,48.7,43.7,41.8,44.7,#N/A N/A,35.6,#N/A N/A,#N/A N/A,#N/A N/A,#N/A N/A
4/1/1952,36.7,#N/A N/A,43.5,35.8,43.3,42.6,#N/A N/A,35.4,#N/A N/A,#N/A N/A,#N/A N/A,#N/A N/A
5/1/1952,39.5,#N/A N/A,45.7,43.9,42.7,38.8,#N/A N/A,30.3,#N/A N/A,#N/A N/A,#N/A N/A,#N/A N/A
6/1/1952,43.3,#N/A N/A,49.5,46.3,43.5,40.4,#N/A N/A,33.8,#N/A N/A,#N/A N/A,#N/A N/A,#N/A N/A
7/1/1952,48.3,#N/A N/A,37.2,69.4,39.5,60.1,#N/A N/A,31.6,#N/A N/A,#N/A N/A,#N/A N/A,#N/A N/A
8/1/1952,60.4,#N/A N/A,84,58.5,63.1,54.7,#N/A N/A,30.5,#N/A N/A,#N/A N/A,#N/A N/A,#N/A N/A
9/1/1952,56.1,#N/A N/A,66,60.3,56.2,57.9,#N/A N/A,38.6,#N/A N/A,#N/A N/A,#N/A N/A,#N/A N/A
10/1/1952,56.2,#N/A N/A,65.3,59.9,57.8,54.1,#N/A N/A,38.2,#N/A N/A,#N/A N/A,#N/A N/A,#N/A N/A
11/1/1952,56.8,#N/A N/A,65,58.8,60.9,49.7,#N/A N/A,39.9,#N/A N/A,#N/A N/A,#N/A N/A,#N/A N/A
12/1/1952,55.8,#N/A N/A,64.3,60.4,55.6,48.2,#N/A N/A,40,#N/A N/A,#N/A N/A,#N/A N/A,#N/A N/A
1/1/1953,59.4,#N/A N/A,69.8,64.6,61.5,45.1,#N/A N/A,40.9,#N/A N/A,#N/A N/A,#N/A N/A,#N/A N/A
2/1/1953,55.4,#N/A N/A,62.4,56,61.7,54.5,#N/A N/A,44.3,#N/A N/A,#N/A N/A,#N/A N/A,#N/A N/A
3/1/1953,50.5,#N/A N/A,54,47.2,59.4,73.3,#N/A N/A,46.4,#N/A N/A,#N/A N/A,#N/A N/A,#N/A N/A
4/1/1953,51.1,#N/A N/A,57.3,52,55,69.3,#N/A N/A,43.8,#N/A N/A,#N/A N/A,#N/A N/A,#N/A N/A
5/1/1953,48.9,#N/A N/A,57.1,49.3,52.3,72.3,#N/A N/A,41.2,#N/A N/A,#N/A N/A,#N/A N/A,#N/A N/A
6/1/1953,48.5,#N/A N/A,55.2,48.3,53.8,69.7,#N/A N/A,44.6,#N/A N/A,#N/A N/A,#N/A N/A,#N/A N/A
7/1/1953,46.3,#N/A N/A,53.1,44.2,54.4,62,#N/A N/A,45.6,#N/A N/A,#N/A N/A,#N/A N/A,#N/A N/A
8/1/1953,43.5,#N/A N/A,50.7,42.1,48.1,55.8,#N/A N/A,46.2,#N/A N/A,#N/A N/A,#N/A N/A,#N/A N/A
9/1/1953,40.2,#N/A N/A,46.8,39.9,43.8,43.8,#N/A N/A,43.3,#N/A N/A,#N/A N/A,#N/A N/A,#N/A N/A
10/1/1953,37.4,#N/A N/A,44.6,38,37.9,45.1,#N/A N/A,41.3,#N/A N/A,#N/A N/A,#N/A N/A,#N/A N/A
11/1/1953,36.9,#N/A N/A,43.4,40.9,35.8,47,#N/A N/A,35.5,#N/A N/A,#N/A N/A,#N/A N/A,#N/A N/A
12/1/1953,35.6,#N/A N/A,41.3,37.5,36.6,47.7,#N/A N/A,34.2,#N/A N/A,#N/A N/A,#N/A N/A,#N/A N/A
1/1/1954,37.4,#N/A N/A,45,42.9,31.5,40.5,#N/A N/A,34.2,#N/A N/A,#N/A N/A,#N/A N/A,#N/A N/A
2/1/1954,40.7,#N/A N/A,46,50.3,34.8,41.6,#N/A N/A,30.9,#N/A N/A,#N/A N/A,#N/A N/A,#N/A N/A
3/1/1954,44.7,#N/A N/A,51.5,54.7,40.2,46.6,#N/A N/A,31.6,#N/A N/A,#N/A N/A,#N/A N/A,#N/A N/A
4/1/1954,47.7,#N/A N/A,55.4,58.4,42.4,49.7,#N/A N/A,33.2,#N/A N/A,#N/A N/A,#N/A N/A,#N/A N/A
5/1/1954,50.1,#N/A N/A,56.3,60.2,44.5,45.6,#N/A N/A,39.1,#N/A N/A,#N/A N/A,#N/A N/A,#N/A N/A
6/1/1954,52.1,#N/A N/A,59.4,64.6,45.2,52.5,#N/A N/A,34.4,#N/A N/A,#N/A N/A,#N/A N/A,#N/A N/A
7/1/1954,51.7,#N/A N/A,57.4,63.8,44.4,53.8,#N/A N/A,35.7,#N/A N/A,#N/A N/A,#N/A N/A,#N/A N/A
8/1/1954,54.4,#N/A N/A,56.2,56.6,37.7,41.7,#N/A N/A,37.7,#N/A N/A,#N/A N/A,#N/A N/A,#N/A N/A
9/1/1954,53.5,#N/A N/A,57,62.2,49.7,53,#N/A N/A,40.8,#N/A N/A,#N/A N/A,#N/A N/A,#N/A N/A
10/1/1954,58.2,#N/A N/A,62.4,66.7,55.8,57.6,#N/A N/A,40.5,#N/A N/A,#N/A N/A,#N/A N/A,#N/A N/A
11/1/1954,58.8,#N/A N/A,63,66,55.1,57.8,#N/A N/A,44.7,#N/A N/A,#N/A N/A,#N/A N/A,#N/A N/A
12/1/1954,63.8,#N/A N/A,70.5,73.6,55.8,59.1,#N/A N/A,47.1,#N/A N/A,#N/A N/A,#N/A N/A,#N/A N/A
1/1/1955,63,#N/A N/A,69.1,66.8,59,66.7,#N/A N/A,48,#N/A N/A,#N/A N/A,#N/A N/A,#N/A N/A
2/1/1955,67.8,#N/A N/A,70.9,73.9,63.4,82,#N/A N/A,51.3,#N/A N/A,#N/A N/A,#N/A N/A,#N/A N/A
3/1/1955,67.5,#N/A N/A,71,71.5,63,69.8,#N/A N/A,54.4,#N/A N/A,#N/A N/A,#N/A N/A,#N/A N/A
4/1/1955,68.7,#N/A N/A,73.8,70.9,63.9,75.2,#N/A N/A,54.2,#N/A N/A,#N/A N/A,#N/A N/A,#N/A N/A
5/1/1955,69.5,#N/A N/A,73.5,72.9,66.2,81,#N/A N/A,56.6,#N/A N/A,#N/A N/A,#N/A N/A,#N/A N/A
6/1/1955,63.3,#N/A N/A,65.5,60.9,61.2,75.9,#N/A N/A,65.2,#N/A N/A,#N/A N/A,#N/A N/A,#N/A N/A
7/1/1955,66.2,#N/A N/A,72.1,67.1,60.9,80.4,#N/A N/A,58.4,#N/A N/A,#N/A N/A,#N/A N/A,#N/A N/A
8/1/1955,64.8,#N/A N/A,67.1,70.4,59.2,79.5,#N/A N/A,54.2,#N/A N/A,#N/A N/A,#N/A N/A,#N/A N/A
9/1/1955,62.4,#N/A N/A,64.3,63.7,59.7,82.2,#N/A N/A,53.5,#N/A N/A,#N/A N/A,#N/A N/A,#N/A N/A
10/1/1955,63.7,#N/A N/A,65.1,66.3,60.9,80.5,#N/A N/A,53.5,#N/A N/A,#N/A N/A,#N/A N/A,#N/A N/A
11/1/1955,62,#N/A N/A,63.9,61.5,61.3,77.3,#N/A N/A,55.5,#N/A N/A,#N/A N/A,#N/A N/A,#N/A N/A
12/1/1955,65.6,#N/A N/A,72.4,66.6,63.9,80,#N/A N/A,55.4,#N/A N/A,#N/A N/A,#N/A N/A,#N/A N/A
1/1/1956,60.2,#N/A N/A,64,61.8,62.3,82.7,#N/A N/A,52.2,#N/A N/A,#N/A N/A,#N/A N/A,#N/A N/A
2/1/1956,58.2,#N/A N/A,63.5,56.2,61,83.5,#N/A N/A,56.1,#N/A N/A,#N/A N/A,#N/A N/A,#N/A N/A
3/1/1956,57.2,#N/A N/A,61,57.3,56.9,87.7,#N/A N/A,57.2,#N/A N/A,#N/A N/A,#N/A N/A,#N/A N/A
4/1/1956,55.9,#N/A N/A,58.9,55.9,54.8,87.5,#N/A N/A,57.5,#N/A N/A,#N/A N/A,#N/A N/A,#N/A N/A
5/1/1956,51.2,#N/A N/A,52.8,53,51.4,81.7,#N/A N/A,60.3,#N/A N/A,#N/A N/A,#N/A N/A,#N/A N/A
6/1/1956,47.7,#N/A N/A,49.2,48.9,43.9,65.7,#N/A N/A,58.4,#N/A N/A,#N/A N/A,#N/A N/A,#N/A N/A
7/1/1956,44.2,#N/A N/A,38,44.4,40.8,74.7,#N/A N/A,51.5,#N/A N/A,#N/A N/A,#N/A N/A,#N/A N/A
8/1/1956,51.5,#N/A N/A,51.5,54.3,50.3,76.3,#N/A N/A,52.1,#N/A N/A,#N/A N/A,#N/A N/A,#N/A N/A
9/1/1956,55.5,#N/A N/A,60.2,60.5,52.9,79.5,#N/A N/A,53.1,#N/A N/A,#N/A N/A,#N/A N/A,#N/A N/A
10/1/1956,52.7,#N/A N/A,56.7,55.6,52.2,78.1,#N/A N/A,53.6,#N/A N/A,#N/A N/A,#N/A N/A,#N/A N/A
11/1/1956,55,#N/A N/A,62.3,57,56,80.1,#N/A N/A,44.6,#N/A N/A,#N/A N/A,#N/A N/A,#N/A N/A
12/1/1956,52.7,#N/A N/A,57.7,52.8,55.4,78.9,#N/A N/A,54.3,#N/A N/A,#N/A N/A,#N/A N/A,#N/A N/A
1/1/1957,53.6,#N/A N/A,56.6,57.6,56.6,87.1,#N/A N/A,53.9,#N/A N/A,#N/A N/A,#N/A N/A,#N/A N/A
2/1/1957,51,#N/A N/A,57.9,52.5,53.8,76.9,#N/A N/A,53.1,#N/A N/A,#N/A N/A,#N/A N/A,#N/A N/A
3/1/1957,47.5,#N/A N/A,52.1,51.1,52.5,65.3,#N/A N/A,46.6,#N/A N/A,#N/A N/A,#N/A N/A,#N/A N/A
4/1/1957,43.1,#N/A N/A,47.9,49.2,40.3,59.2,#N/A N/A,39.9,#N/A N/A,#N/A N/A,#N/A N/A,#N/A N/A
5/1/1957,43.4,#N/A N/A,49.9,46.1,41.9,57.4,#N/A N/A,41.8,#N/A N/A,#N/A N/A,#N/A N/A,#N/A N/A
6/1/1957,45.9,#N/A N/A,53.6,49.8,45.1,62.9,#N/A N/A,40.7,#N/A N/A,#N/A N/A,#N/A N/A,#N/A N/A
7/1/1957,45.7,#N/A N/A,49.2,47.6,45.5,78.7,#N/A N/A,45.3,#N/A N/A,#N/A N/A,#N/A N/A,#N/A N/A
8/1/1957,45.3,#N/A N/A,51.3,48.8,43.1,65.7,#N/A N/A,46,#N/A N/A,#N/A N/A,#N/A N/A,#N/A N/A
9/1/1957,45.8,#N/A N/A,50.6,53.8,42.1,63,#N/A N/A,42.6,#N/A N/A,#N/A N/A,#N/A N/A,#N/A N/A
10/1/1957,41.1,#N/A N/A,42.9,46.4,36.6,60.5,#N/A N/A,42.7,#N/A N/A,#N/A N/A,#N/A N/A,#N/A N/A
11/1/1957,40.4,#N/A N/A,44.4,47.2,34.8,54.8,#N/A N/A,39.7,#N/A N/A,#N/A N/A,#N/A N/A,#N/A N/A
12/1/1957,36.8,#N/A N/A,40,42.8,30.4,55.5,#N/A N/A,38,#N/A N/A,#N/A N/A,#N/A N/A,#N/A N/A
1/1/1958,33.4,#N/A N/A,34.9,35.2,29.7,50.8,#N/A N/A,35.8,#N/A N/A,#N/A N/A,#N/A N/A,#N/A N/A
2/1/1958,37.2,#N/A N/A,37.8,47.3,27.9,46.5,#N/A N/A,33.1,#N/A N/A,#N/A N/A,#N/A N/A,#N/A N/A
3/1/1958,39.8,#N/A N/A,45.1,45.3,33.4,47.6,#N/A N/A,31.3,#N/A N/A,#N/A N/A,#N/A N/A,#N/A N/A
4/1/1958,39.1,#N/A N/A,41,47.2,31.5,42.5,#N/A N/A,30.8,#N/A N/A,#N/A N/A,#N/A N/A,#N/A N/A
5/1/1958,46.6,#N/A N/A,52.6,56.7,39.7,45.8,#N/A N/A,27.7,#N/A N/A,#N/A N/A,#N/A N/A,#N/A N/A
6/1/1958,51.4,#N/A N/A,58.9,60.8,46.7,49.6,#N/A N/A,32.2,#N/A N/A,#N/A N/A,#N/A N/A,#N/A N/A
7/1/1958,54.7,#N/A N/A,61.2,66.5,47.6,52.3,#N/A N/A,34.6,#N/A N/A,#N/A N/A,#N/A N/A,#N/A N/A
8/1/1958,57.3,#N/A N/A,64.5,65.2,52.1,65.2,#N/A N/A,44.8,#N/A N/A,#N/A N/A,#N/A N/A,#N/A N/A
9/1/1958,59.8,#N/A N/A,66.8,67,55.5,62.6,#N/A N/A,42.5,#N/A N/A,#N/A N/A,#N/A N/A,#N/A N/A
10/1/1958,62.3,#N/A N/A,70,67.9,59.6,73.3,#N/A N/A,46.4,#N/A N/A,#N/A N/A,#N/A N/A,#N/A N/A
11/1/1958,62.7,#N/A N/A,68.3,68.5,58,66.3,#N/A N/A,51,#N/A N/A,#N/A N/A,#N/A N/A,#N/A N/A
12/1/1958,60.5,#N/A N/A,63.9,64.7,59,63.2,#N/A N/A,49,#N/A N/A,#N/A N/A,#N/A N/A,#N/A N/A
1/1/1959,64.4,#N/A N/A,70.7,69,60.8,59.1,#N/A N/A,45.5,#N/A N/A,#N/A N/A,#N/A N/A,#N/A N/A
2/1/1959,66.9,#N/A N/A,70.3,70.5,62.5,66.6,#N/A N/A,55.5,#N/A N/A,#N/A N/A,#N/A N/A,#N/A N/A
3/1/1959,67.1,#N/A N/A,71.2,70.2,62.3,68.9,#N/A N/A,58.4,#N/A N/A,#N/A N/A,#N/A N/A,#N/A N/A
4/1/1959,66.9,#N/A N/A,72.1,66.9,63.6,63.6,#N/A N/A,63.4,#N/A N/A,#N/A N/A,#N/A N/A,#N/A N/A
5/1/1959,68.2,#N/A N/A,73.9,69.9,64.8,65.1,#N/A N/A,63.8,#N/A N/A,#N/A N/A,#N/A N/A,#N/A N/A
6/1/1959,64.4,#N/A N/A,66.3,64.2,62.2,69.5,#N/A N/A,65.6,#N/A N/A,#N/A N/A,#N/A N/A,#N/A N/A
7/1/1959,61.5,#N/A N/A,64.8,61.3,59,63.9,#N/A N/A,62,#N/A N/A,#N/A N/A,#N/A N/A,#N/A N/A
8/1/1959,55.1,#N/A N/A,57.4,54.4,53.6,57.6,#N/A N/A,50.9,#N/A N/A,#N/A N/A,#N/A N/A,#N/A N/A
9/1/1959,48.3,#N/A N/A,50.9,43.7,48,61.6,#N/A N/A,42.3,#N/A N/A,#N/A N/A,#N/A N/A,#N/A N/A
10/1/1959,49.7,#N/A N/A,50.4,50,47.3,63.1,#N/A N/A,39.1,#N/A N/A,#N/A N/A,#N/A N/A,#N/A N/A
11/1/1959,50.6,#N/A N/A,51.9,51.1,48.8,65.1,#N/A N/A,43.4,#N/A N/A,#N/A N/A,#N/A N/A,#N/A N/A
12/1/1959,58.2,#N/A N/A,61.7,62.8,54.8,63.6,#N/A N/A,49.1,#N/A N/A,#N/A N/A,#N/A N/A,#N/A N/A
1/1/1960,61.5,#N/A N/A,71.9,65.4,60.8,63.8,#N/A N/A,48.3,#N/A N/A,#N/A N/A,#N/A N/A,#N/A N/A
2/1/1960,52.3,#N/A N/A,58.6,52.5,57.2,60.9,#N/A N/A,56.6,#N/A N/A,#N/A N/A,#N/A N/A,#N/A N/A
3/1/1960,47.8,#N/A N/A,52.4,52.2,48,57.3,#N/A N/A,50.7,#N/A N/A,#N/A N/A,#N/A N/A,#N/A N/A
4/1/1960,45.3,#N/A N/A,49.8,52,42,60.4,#N/A N/A,45.5,#N/A N/A,#N/A N/A,#N/A N/A,#N/A N/A
5/1/1960,42.6,#N/A N/A,45,45.8,42.5,57,#N/A N/A,42.5,#N/A N/A,#N/A N/A,#N/A N/A,#N/A N/A
6/1/1960,44.4,#N/A N/A,48.5,49.2,39.7,52.6,#N/A N/A,43.9,#N/A N/A,#N/A N/A,#N/A N/A,#N/A N/A
7/1/1960,43.7,#N/A N/A,48.2,45.7,42.1,49.9,#N/A N/A,41.9,#N/A N/A,#N/A N/A,#N/A N/A,#N/A N/A
8/1/1960,47.6,#N/A N/A,50.3,55.6,43.6,50.6,#N/A N/A,39.1,#N/A N/A,#N/A N/A,#N/A N/A,#N/A N/A
9/1/1960,45.4,#N/A N/A,50,50.5,40.2,48.4,#N/A N/A,40.8,#N/A N/A,#N/A N/A,#N/A N/A,#N/A N/A
10/1/1960,46,#N/A N/A,51.2,50.1,43.7,45,#N/A N/A,39.7,#N/A N/A,#N/A N/A,#N/A N/A,#N/A N/A
11/1/1960,44.3,#N/A N/A,45.6,48.2,43,46.9,#N/A N/A,41.7,#N/A N/A,#N/A N/A,#N/A N/A,#N/A N/A
12/1/1960,44.3,#N/A N/A,47.5,47.5,40.7,46.6,#N/A N/A,39.3,#N/A N/A,#N/A N/A,#N/A N/A,#N/A N/A
1/1/1961,43.9,#N/A N/A,47.3,47.2,39.7,49.1,#N/A N/A,40.5,#N/A N/A,#N/A N/A,#N/A N/A,#N/A N/A
2/1/1961,43.6,#N/A N/A,49.2,48.7,34.2,50.3,#N/A N/A,36.6,#N/A N/A,#N/A N/A,#N/A N/A,#N/A N/A
3/1/1961,49.1,#N/A N/A,55.4,55.2,42.2,50.2,#N/A N/A,38.9,#N/A N/A,#N/A N/A,#N/A N/A,#N/A N/A
4/1/1961,57.6,#N/A N/A,61.7,67.7,53.2,51.8,#N/A N/A,41.3,#N/A N/A,#N/A N/A,#N/A N/A,#N/A N/A
5/1/1961,58.9,#N/A N/A,66.6,64.8,56.3,55,#N/A N/A,44,#N/A N/A,#N/A N/A,#N/A N/A,#N/A N/A
6/1/1961,58.1,#N/A N/A,65.3,64,55.1,50,#N/A N/A,42,#N/A N/A,#N/A N/A,#N/A N/A,#N/A N/A
7/1/1961,58.2,#N/A N/A,64.3,64.5,54.1,50.9,#N/A N/A,45.3,#N/A N/A,#N/A N/A,#N/A N/A,#N/A N/A
8/1/1961,60.7,#N/A N/A,68.4,62.9,58.3,52.2,#N/A N/A,54.5,#N/A N/A,#N/A N/A,#N/A N/A,#N/A N/A
9/1/1961,63,#N/A N/A,66.8,69.5,61.1,53.9,#N/A N/A,56.3,#N/A N/A,#N/A N/A,#N/A N/A,#N/A N/A
10/1/1961,62.2,#N/A N/A,66.3,68.3,58.2,55.5,#N/A N/A,56.7,#N/A N/A,#N/A N/A,#N/A N/A,#N/A N/A
11/1/1961,59,#N/A N/A,58.3,65.1,59,51.9,#N/A N/A,54.6,#N/A N/A,#N/A N/A,#N/A N/A,#N/A N/A
12/1/1961,64.2,#N/A N/A,66.1,73.4,58.6,56.3,#N/A N/A,56.1,#N/A N/A,#N/A N/A,#N/A N/A,#N/A N/A
1/1/1962,60.9,#N/A N/A,66.4,59.4,60.3,57.1,#N/A N/A,59,#N/A N/A,#N/A N/A,#N/A N/A,#N/A N/A
2/1/1962,61.1,#N/A N/A,64.7,61.8,60.5,54.7,#N/A N/A,58.6,#N/A N/A,#N/A N/A,#N/A N/A,#N/A N/A
3/1/1962,60.6,#N/A N/A,66.9,60.1,57.6,56.8,#N/A N/A,57.5,#N/A N/A,#N/A N/A,#N/A N/A,#N/A N/A
4/1/1962,55.1,#N/A N/A,57.4,57.3,55.6,53.6,#N/A N/A,53.5,#N/A N/A,#N/A N/A,#N/A N/A,#N/A N/A
5/1/1962,52.2,#N/A N/A,55.3,53.6,52.3,52,#N/A N/A,50.3,#N/A N/A,#N/A N/A,#N/A N/A,#N/A N/A
6/1/1962,50.8,#N/A N/A,54.8,52.5,51.6,51.7,#N/A N/A,46.4,#N/A N/A,#N/A N/A,#N/A N/A,#N/A N/A
7/1/1962,51,#N/A N/A,54.7,53.2,51.2,51.6,#N/A N/A,43.8,#N/A N/A,#N/A N/A,#N/A N/A,#N/A N/A
8/1/1962,49.5,#N/A N/A,52.5,52.9,47,47.7,#N/A N/A,45.2,#N/A N/A,#N/A N/A,#N/A N/A,#N/A N/A
9/1/1962,50,#N/A N/A,52.4,53,49.7,45.4,#N/A N/A,42.5,#N/A N/A,#N/A N/A,#N/A N/A,#N/A N/A
10/1/1962,51.2,#N/A N/A,54,53.6,49.9,43.9,#N/A N/A,46.2,#N/A N/A,#N/A N/A,#N/A N/A,#N/A N/A
11/1/1962,53.8,#N/A N/A,56.9,57.8,48.7,47.1,#N/A N/A,51.5,#N/A N/A,#N/A N/A,#N/A N/A,#N/A N/A
12/1/1962,57.2,#N/A N/A,63.3,59.7,54.6,47.3,#N/A N/A,50.1,#N/A N/A,#N/A N/A,#N/A N/A,#N/A N/A
1/1/1963,55.2,#N/A N/A,56.5,60.9,52.5,48.5,#N/A N/A,47.4,#N/A N/A,#N/A N/A,#N/A N/A,#N/A N/A
2/1/1963,55.1,#N/A N/A,57.7,60.4,50.2,51.7,#N/A N/A,48.3,#N/A N/A,#N/A N/A,#N/A N/A,#N/A N/A
3/1/1963,54.7,#N/A N/A,56.3,57.5,52.4,47.5,#N/A N/A,46.8,#N/A N/A,#N/A N/A,#N/A N/A,#N/A N/A
4/1/1963,57.6,#N/A N/A,61,60.6,52.7,55,#N/A N/A,48.6,#N/A N/A,#N/A N/A,#N/A N/A,#N/A N/A
5/1/1963,59.8,#N/A N/A,60.4,66.9,53.5,67.1,#N/A N/A,54.2,#N/A N/A,#N/A N/A,#N/A N/A,#N/A N/A
6/1/1963,58.2,#N/A N/A,60.6,61.9,52.6,58.7,#N/A N/A,55,#N/A N/A,#N/A N/A,#N/A N/A,#N/A N/A
7/1/1963,55.5,#N/A N/A,60.4,60.1,52,61,#N/A N/A,54,#N/A N/A,#N/A N/A,#N/A N/A,#N/A N/A
8/1/1963,55.1,#N/A N/A,56.8,62,51.1,59.8,#N/A N/A,48.1,#N/A N/A,#N/A N/A,#N/A N/A,#N/A N/A
9/1/1963,56.9,#N/A N/A,63.2,59.8,54.8,57.8,#N/A N/A,47.9,#N/A N/A,#N/A N/A,#N/A N/A,#N/A N/A
10/1/1963,57.7,#N/A N/A,63.3,64,54.5,76.9,#N/A N/A,46.4,#N/A N/A,#N/A N/A,#N/A N/A,#N/A N/A
11/1/1963,57.5,#N/A N/A,64.1,63.7,53.5,66.2,#N/A N/A,43.7,#N/A N/A,#N/A N/A,#N/A N/A,#N/A N/A
12/1/1963,54,#N/A N/A,60.7,58.6,48.4,64.4,#N/A N/A,44.2,#N/A N/A,#N/A N/A,#N/A N/A,#N/A N/A
1/1/1964,57.1,#N/A N/A,63.3,61.3,51.4,60,#N/A N/A,42.9,#N/A N/A,#N/A N/A,#N/A N/A,#N/A N/A
2/1/1964,57.9,#N/A N/A,64,61.8,52.7,60.1,#N/A N/A,50.4,#N/A N/A,#N/A N/A,#N/A N/A,#N/A N/A
3/1/1964,60.2,#N/A N/A,64.4,61.7,55.2,60.6,#N/A N/A,54.6,#N/A N/A,#N/A N/A,#N/A N/A,#N/A N/A
4/1/1964,59.2,#N/A N/A,60.6,63.6,55.2,65.4,#N/A N/A,53.1,#N/A N/A,#N/A N/A,#N/A N/A,#N/A N/A
5/1/1964,58.7,#N/A N/A,61,59.9,56,60.3,#N/A N/A,50.3,#N/A N/A,#N/A N/A,#N/A N/A,#N/A N/A
6/1/1964,60.1,#N/A N/A,62.1,64.7,55.7,58.9,#N/A N/A,53.5,#N/A N/A,#N/A N/A,#N/A N/A,#N/A N/A
7/1/1964,62.9,#N/A N/A,63.7,69.9,56.3,60.9,#N/A N/A,55.5,#N/A N/A,#N/A N/A,#N/A N/A,#N/A N/A
8/1/1964,63.3,#N/A N/A,63.9,68,58,61.7,#N/A N/A,53.5,#N/A N/A,#N/A N/A,#N/A N/A,#N/A N/A
9/1/1964,63.3,#N/A N/A,64.9,63.3,56.8,64.8,#N/A N/A,59,#N/A N/A,#N/A N/A,#N/A N/A,#N/A N/A
10/1/1964,60.7,#N/A N/A,61.8,58.9,55,68.8,#N/A N/A,59.1,#N/A N/A,#N/A N/A,#N/A N/A,#N/A N/A
11/1/1964,61.8,#N/A N/A,62.1,60.7,57.3,68.5,#N/A N/A,61,#N/A N/A,#N/A N/A,#N/A N/A,#N/A N/A
12/1/1964,62.4,#N/A N/A,63.5,64.4,55.2,69.6,#N/A N/A,59.5,#N/A N/A,#N/A N/A,#N/A N/A,#N/A N/A
1/1/1965,61,#N/A N/A,58.2,62.3,56.7,70.7,#N/A N/A,61.4,#N/A N/A,#N/A N/A,#N/A N/A,#N/A N/A
2/1/1965,62.1,#N/A N/A,59.8,63.2,58.3,64.8,#N/A N/A,63.2,#N/A N/A,#N/A N/A,#N/A N/A,#N/A N/A
3/1/1965,64.9,#N/A N/A,65.7,68.7,61.2,64.5,#N/A N/A,57.8,#N/A N/A,#N/A N/A,#N/A N/A,#N/A N/A
4/1/1965,62,#N/A N/A,62.6,59.8,59.2,68.7,#N/A N/A,61.9,#N/A N/A,#N/A N/A,#N/A N/A,#N/A N/A
5/1/1965,61.3,#N/A N/A,62.4,60.2,56.4,70,#N/A N/A,60.6,#N/A N/A,#N/A N/A,#N/A N/A,#N/A N/A
6/1/1965,58.7,#N/A N/A,57.5,57.4,55.4,73.2,#N/A N/A,55.8,#N/A N/A,#N/A N/A,#N/A N/A,#N/A N/A
7/1/1965,58.1,#N/A N/A,59,56.6,56.2,71.8,#N/A N/A,53.8,#N/A N/A,#N/A N/A,#N/A N/A,#N/A N/A
8/1/1965,58.1,#N/A N/A,56.6,56,58,70.5,#N/A N/A,57.2,#N/A N/A,#N/A N/A,#N/A N/A,#N/A N/A
9/1/1965,61,#N/A N/A,63.8,63.6,56.2,66.3,#N/A N/A,55.7,#N/A N/A,#N/A N/A,#N/A N/A,#N/A N/A
10/1/1965,58.6,#N/A N/A,60.5,62,56.9,68.6,#N/A N/A,46.5,#N/A N/A,#N/A N/A,#N/A N/A,#N/A N/A
11/1/1965,59.4,#N/A N/A,60.9,61.9,54.7,70.6,#N/A N/A,48.7,#N/A N/A,#N/A N/A,#N/A N/A,#N/A N/A
12/1/1965,62.8,#N/A N/A,64.4,62.9,60.2,67,#N/A N/A,47.4,#N/A N/A,#N/A N/A,#N/A N/A,#N/A N/A
1/1/1966,65.8,#N/A N/A,68.4,66.5,62.6,75.9,#N/A N/A,49.7,#N/A N/A,#N/A N/A,#N/A N/A,#N/A N/A
2/1/1966,65.5,#N/A N/A,66.1,66.1,61.2,80.9,#N/A N/A,48.7,#N/A N/A,#N/A N/A,#N/A N/A,#N/A N/A
3/1/1966,65.7,#N/A N/A,63.8,64.3,61.5,85.7,#N/A N/A,52.3,#N/A N/A,#N/A N/A,#N/A N/A,#N/A N/A
4/1/1966,64.2,#N/A N/A,63.1,64.3,59.9,83.9,#N/A N/A,53,#N/A N/A,#N/A N/A,#N/A N/A,#N/A N/A
5/1/1966,57.7,#N/A N/A,55.5,52.7,57,83.3,#N/A N/A,53.8,#N/A N/A,#N/A N/A,#N/A N/A,#N/A N/A
6/1/1966,59,#N/A N/A,57.6,55.9,58.8,81.5,#N/A N/A,53.3,#N/A N/A,#N/A N/A,#N/A N/A,#N/A N/A
7/1/1966,60.3,#N/A N/A,59.3,56.3,58.9,79.7,#N/A N/A,57.9,#N/A N/A,#N/A N/A,#N/A N/A,#N/A N/A
8/1/1966,58.5,#N/A N/A,57.7,53.3,56.4,79.5,#N/A N/A,57,#N/A N/A,#N/A N/A,#N/A N/A,#N/A N/A
9/1/1966,58.7,#N/A N/A,57.9,55.2,56.5,73.7,#N/A N/A,54.8,#N/A N/A,#N/A N/A,#N/A N/A,#N/A N/A
10/1/1966,57.2,#N/A N/A,57,51.6,56.9,70.3,#N/A N/A,58.2,#N/A N/A,#N/A N/A,#N/A N/A,#N/A N/A
11/1/1966,53.7,#N/A N/A,54.2,46.8,55.6,71.9,#N/A N/A,55.6,#N/A N/A,#N/A N/A,#N/A N/A,#N/A N/A
12/1/1966,52.4,#N/A N/A,54.1,48.8,50.7,67.6,#N/A N/A,53.7,#N/A N/A,#N/A N/A,#N/A N/A,#N/A N/A
1/1/1967,49.1,#N/A N/A,54.1,46.2,48.3,72.9,#N/A N/A,48.2,#N/A N/A,#N/A N/A,#N/A N/A,#N/A N/A
2/1/1967,47.6,#N/A N/A,50.4,45.1,47.6,61.8,#N/A N/A,45.3,#N/A N/A,#N/A N/A,#N/A N/A,#N/A N/A
3/1/1967,45.3,#N/A N/A,48.7,45.3,46.3,54,#N/A N/A,45.6,#N/A N/A,#N/A N/A,#N/A N/A,#N/A N/A
4/1/1967,42.8,#N/A N/A,44.3,46.4,41.8,56.3,#N/A N/A,39.4,#N/A N/A,#N/A N/A,#N/A N/A,#N/A N/A
5/1/1967,44.5,#N/A N/A,48,47.6,45.5,56.1,#N/A N/A,39.7,#N/A N/A,#N/A N/A,#N/A N/A,#N/A N/A
6/1/1967,46.8,#N/A N/A,50.7,51.8,45.8,58.4,#N/A N/A,39.6,#N/A N/A,#N/A N/A,#N/A N/A,#N/A N/A
7/1/1967,49.5,#N/A N/A,53.4,53.7,50.2,63.9,#N/A N/A,38.1,#N/A N/A,#N/A N/A,#N/A N/A,#N/A N/A
8/1/1967,52.2,#N/A N/A,56.4,55.4,52.9,67.5,#N/A N/A,41.7,#N/A N/A,#N/A N/A,#N/A N/A,#N/A N/A
9/1/1967,54.9,#N/A N/A,57.4,62,51.6,75.2,#N/A N/A,46.8,#N/A N/A,#N/A N/A,#N/A N/A,#N/A N/A
10/1/1967,54.1,#N/A N/A,57.7,55.8,52.4,78.7,#N/A N/A,48,#N/A N/A,#N/A N/A,#N/A N/A,#N/A N/A
11/1/1967,54.2,#N/A N/A,58.6,57,51.5,83.8,#N/A N/A,44.4,#N/A N/A,#N/A N/A,#N/A N/A,#N/A N/A
12/1/1967,55.6,#N/A N/A,58.7,59.4,51.5,79.6,#N/A N/A,53.8,#N/A N/A,#N/A N/A,#N/A N/A,#N/A N/A
1/1/1968,56.6,#N/A N/A,59.3,60.1,53.2,78,#N/A N/A,54.8,#N/A N/A,#N/A N/A,#N/A N/A,#N/A N/A
2/1/1968,55,#N/A N/A,58.1,56.6,50.3,76.3,#N/A N/A,53.7,#N/A N/A,#N/A N/A,#N/A N/A,#N/A N/A
3/1/1968,53.8,#N/A N/A,55.8,55.7,50.1,76.1,#N/A N/A,50.7,#N/A N/A,#N/A N/A,#N/A N/A,#N/A N/A
4/1/1968,58,#N/A N/A,60.1,64.5,53.5,71.5,#N/A N/A,54.9,#N/A N/A,#N/A N/A,#N/A N/A,#N/A N/A
5/1/1968,55.3,#N/A N/A,60,56.2,53.1,69.2,#N/A N/A,54,#N/A N/A,#N/A N/A,#N/A N/A,#N/A N/A
6/1/1968,53.5,#N/A N/A,54.9,54.3,52.6,70.4,#N/A N/A,55,#N/A N/A,#N/A N/A,#N/A N/A,#N/A N/A
7/1/1968,54.1,#N/A N/A,56.5,54.5,48.2,67.1,#N/A N/A,55.8,#N/A N/A,#N/A N/A,#N/A N/A,#N/A N/A
8/1/1968,52.7,#N/A N/A,56.1,53.8,49.5,74.3,#N/A N/A,54.2,#N/A N/A,#N/A N/A,#N/A N/A,#N/A N/A
9/1/1968,51.8,#N/A N/A,57,55.4,47.1,72.4,#N/A N/A,42.4,#N/A N/A,#N/A N/A,#N/A N/A,#N/A N/A
10/1/1968,55.8,#N/A N/A,61.1,58.5,52.6,70.8,#N/A N/A,44.3,#N/A N/A,#N/A N/A,#N/A N/A,#N/A N/A
11/1/1968,58.1,#N/A N/A,59.8,61.3,56.4,69.5,#N/A N/A,43.5,#N/A N/A,#N/A N/A,#N/A N/A,#N/A N/A
12/1/1968,56.1,#N/A N/A,60.6,56.7,52.8,76.8,#N/A N/A,46.3,#N/A N/A,#N/A N/A,#N/A N/A,#N/A N/A
1/1/1969,54.9,#N/A N/A,57.1,54.4,51.9,77.1,#N/A N/A,44.2,#N/A N/A,#N/A N/A,#N/A N/A,#N/A N/A
2/1/1969,57,#N/A N/A,59.1,57.9,56.1,79.6,#N/A N/A,46.3,#N/A N/A,#N/A N/A,#N/A N/A,#N/A N/A
3/1/1969,57.1,#N/A N/A,58.8,59.3,53.8,79.4,#N/A N/A,47.6,#N/A N/A,#N/A N/A,#N/A N/A,#N/A N/A
4/1/1969,55.2,#N/A N/A,55.1,54.4,52.7,78.8,#N/A N/A,49.2,#N/A N/A,#N/A N/A,#N/A N/A,#N/A N/A
5/1/1969,56.7,#N/A N/A,56.3,57.6,52.8,79.3,#N/A N/A,50.7,#N/A N/A,#N/A N/A,#N/A N/A,#N/A N/A
6/1/1969,55.5,#N/A N/A,56.9,52.7,53.1,80.9,#N/A N/A,47.8,#N/A N/A,#N/A N/A,#N/A N/A,#N/A N/A
7/1/1969,53.1,#N/A N/A,51.2,49.8,53,80.9,#N/A N/A,49.3,#N/A N/A,#N/A N/A,#N/A N/A,#N/A N/A
8/1/1969,54.8,#N/A N/A,54.1,51.5,51.2,84.4,#N/A N/A,50.9,#N/A N/A,#N/A N/A,#N/A N/A,#N/A N/A
9/1/1969,54.1,#N/A N/A,54.8,50.4,50.3,83.2,#N/A N/A,49.4,#N/A N/A,#N/A N/A,#N/A N/A,#N/A N/A
10/1/1969,54.6,#N/A N/A,53.2,51.9,51.3,85.3,#N/A N/A,54.2,#N/A N/A,#N/A N/A,#N/A N/A,#N/A N/A
11/1/1969,53.2,#N/A N/A,51.2,50.6,50.4,81.8,#N/A N/A,55.6,#N/A N/A,#N/A N/A,#N/A N/A,#N/A N/A
12/1/1969,52,#N/A N/A,50.3,48,49.6,82.2,#N/A N/A,51.5,#N/A N/A,#N/A N/A,#N/A N/A,#N/A N/A
1/1/1970,48.7,#N/A N/A,48.1,45.8,46.3,80.6,#N/A N/A,50.2,#N/A N/A,#N/A N/A,#N/A N/A,#N/A N/A
2/1/1970,47.4,#N/A N/A,45.9,45.8,43.3,74.5,#N/A N/A,48.6,#N/A N/A,#N/A N/A,#N/A N/A,#N/A N/A
3/1/1970,46.9,#N/A N/A,47.3,45.2,44.8,67.8,#N/A N/A,51.4,#N/A N/A,#N/A N/A,#N/A N/A,#N/A N/A
4/1/1970,45,#N/A N/A,45.5,45.7,40.7,75.1,#N/A N/A,44.3,#N/A N/A,#N/A N/A,#N/A N/A,#N/A N/A
5/1/1970,47.2,#N/A N/A,45.2,45.3,40.8,78.3,#N/A N/A,40.4,#N/A N/A,#N/A N/A,#N/A N/A,#N/A N/A
6/1/1970,51.1,#N/A N/A,49.7,53.2,41.4,73.8,#N/A N/A,45.3,#N/A N/A,#N/A N/A,#N/A N/A,#N/A N/A
7/1/1970,49.5,#N/A N/A,54.5,52.5,40.6,72.4,#N/A N/A,45.4,#N/A N/A,#N/A N/A,#N/A N/A,#N/A N/A
8/1/1970,47.3,#N/A N/A,49.7,51.8,40.1,68.6,#N/A N/A,43.8,#N/A N/A,#N/A N/A,#N/A N/A,#N/A N/A
9/1/1970,44.1,#N/A N/A,45.1,44.2,39.5,70.6,#N/A N/A,47.2,#N/A N/A,#N/A N/A,#N/A N/A,#N/A N/A
10/1/1970,42.4,#N/A N/A,44.1,44.7,37.6,67.8,#N/A N/A,45.7,#N/A N/A,#N/A N/A,#N/A N/A,#N/A N/A
11/1/1970,39.7,#N/A N/A,38.5,43.3,33.8,68.1,#N/A N/A,46.3,#N/A N/A,#N/A N/A,#N/A N/A,#N/A N/A
12/1/1970,45.4,#N/A N/A,46.8,51.2,41.4,64.5,#N/A N/A,44.4,#N/A N/A,#N/A N/A,#N/A N/A,#N/A N/A
1/1/1971,47.9,#N/A N/A,50.5,55.4,40,65.1,#N/A N/A,47.4,#N/A N/A,#N/A N/A,#N/A N/A,#N/A N/A
2/1/1971,54.8,#N/A N/A,60,62.8,47.7,64.6,#N/A N/A,48,#N/A N/A,#N/A N/A,#N/A N/A,#N/A N/A
3/1/1971,51.2,#N/A N/A,54.4,56.2,44.3,67,#N/A N/A,51.2,#N/A N/A,#N/A N/A,#N/A N/A,#N/A N/A
4/1/1971,54.5,#N/A N/A,58.1,59.6,45.7,70.8,#N/A N/A,55.5,#N/A N/A,#N/A N/A,#N/A N/A,#N/A N/A
5/1/1971,54.2,#N/A N/A,58.9,57,47.4,71.6,#N/A N/A,55.1,#N/A N/A,#N/A N/A,#N/A N/A,#N/A N/A
6/1/1971,53.8,#N/A N/A,55.4,57.9,47.5,78.1,#N/A N/A,59,#N/A N/A,#N/A N/A,#N/A N/A,#N/A N/A
7/1/1971,54.4,#N/A N/A,56.8,57.8,49.5,72.6,#N/A N/A,58.9,#N/A N/A,#N/A N/A,#N/A N/A,#N/A N/A
8/1/1971,53.6,#N/A N/A,55.6,58.4,48.4,72.4,#N/A N/A,50.9,#N/A N/A,#N/A N/A,#N/A N/A,#N/A N/A
9/1/1971,55.1,#N/A N/A,59.3,61,53,52.3,#N/A N/A,40.2,#N/A N/A,#N/A N/A,#N/A N/A,#N/A N/A
10/1/1971,55,#N/A N/A,60.8,61.4,49.8,51.7,#N/A N/A,38.1,#N/A N/A,#N/A N/A,#N/A N/A,#N/A N/A
11/1/1971,52.3,#N/A N/A,56.1,55.4,49.3,53.9,#N/A N/A,41.6,#N/A N/A,#N/A N/A,#N/A N/A,#N/A N/A
12/1/1971,57.6,#N/A N/A,63.9,63.5,49,65.1,#N/A N/A,47.7,#N/A N/A,#N/A N/A,#N/A N/A,#N/A N/A
1/1/1972,59.6,#N/A N/A,65.6,64.8,53.3,79.3,#N/A N/A,48.4,#N/A N/A,#N/A N/A,#N/A N/A,#N/A N/A
2/1/1972,60.6,#N/A N/A,67.7,66,54.4,74.1,#N/A N/A,51.7,#N/A N/A,#N/A N/A,#N/A N/A,#N/A N/A
3/1/1972,59.8,#N/A N/A,63.5,64.6,53.9,73.9,#N/A N/A,51.5,#N/A N/A,#N/A N/A,#N/A N/A,#N/A N/A
4/1/1972,59.3,#N/A N/A,62.6,63,55.9,73.4,#N/A N/A,52.3,#N/A N/A,#N/A N/A,#N/A N/A,#N/A N/A
5/1/1972,61.4,#N/A N/A,65.7,66.9,56,71.4,#N/A N/A,53.1,#N/A N/A,#N/A N/A,#N/A N/A,#N/A N/A
6/1/1972,58.6,#N/A N/A,62.2,62.1,53.9,70.2,#N/A N/A,49.6,#N/A N/A,#N/A N/A,#N/A N/A,#N/A N/A
7/1/1972,60.1,#N/A N/A,65.3,64.7,52.1,70.6,#N/A N/A,46.7,#N/A N/A,#N/A N/A,#N/A N/A,#N/A N/A
8/1/1972,61.7,#N/A N/A,63.2,65.1,57.1,70.1,#N/A N/A,55.5,#N/A N/A,#N/A N/A,#N/A N/A,#N/A N/A
9/1/1972,65.1,#N/A N/A,68.3,69.3,58.6,67.8,#N/A N/A,56.8,#N/A N/A,#N/A N/A,#N/A N/A,#N/A N/A
10/1/1972,67,#N/A N/A,66.9,70.8,59,72,#N/A N/A,63,#N/A N/A,#N/A N/A,#N/A N/A,#N/A N/A
11/1/1972,69.9,#N/A N/A,72.7,73,61.7,74.5,#N/A N/A,63.4,#N/A N/A,#N/A N/A,#N/A N/A,#N/A N/A
12/1/1972,70.5,#N/A N/A,71.8,71.9,63.2,78,#N/A N/A,62.5,#N/A N/A,#N/A N/A,#N/A N/A,#N/A N/A
1/1/1973,72.1,#N/A N/A,71.1,73.8,67.8,82.9,#N/A N/A,61,#N/A N/A,#N/A N/A,#N/A N/A,#N/A N/A
2/1/1973,69.6,#N/A N/A,68.5,69,63.2,87.8,#N/A N/A,63.6,#N/A N/A,#N/A N/A,#N/A N/A,#N/A N/A
3/1/1973,69.6,#N/A N/A,67.7,68.8,63.6,90,#N/A N/A,61.9,#N/A N/A,#N/A N/A,#N/A N/A,#N/A N/A
4/1/1973,67.7,#N/A N/A,65.6,65.9,62.6,88.3,#N/A N/A,59.2,#N/A N/A,#N/A N/A,#N/A N/A,#N/A N/A
5/1/1973,64.8,#N/A N/A,59.2,63.5,60.2,89.3,#N/A N/A,59.2,#N/A N/A,#N/A N/A,#N/A N/A,#N/A N/A
6/1/1973,65,#N/A N/A,62.7,61,59.7,87.6,#N/A N/A,62.5,#N/A N/A,#N/A N/A,#N/A N/A,#N/A N/A
7/1/1973,57.8,#N/A N/A,50.4,49.2,56.4,69.6,#N/A N/A,64,#N/A N/A,#N/A N/A,#N/A N/A,#N/A N/A
8/1/1973,62.7,#N/A N/A,59,59.1,54.9,86.1,#N/A N/A,62.1,#N/A N/A,#N/A N/A,#N/A N/A,#N/A N/A
9/1/1973,63.5,#N/A N/A,58.2,60,56.1,92.1,#N/A N/A,62.3,#N/A N/A,#N/A N/A,#N/A N/A,#N/A N/A
10/1/1973,66.2,#N/A N/A,58.4,65.4,60.4,92.9,#N/A N/A,66.5,#N/A N/A,#N/A N/A,#N/A N/A,#N/A N/A
11/1/1973,68.1,#N/A N/A,62,65.2,60.8,97.6,#N/A N/A,63.8,#N/A N/A,#N/A N/A,#N/A N/A,#N/A N/A
12/1/1973,63.6,#N/A N/A,56,59,58,94.2,#N/A N/A,63.8,#N/A N/A,#N/A N/A,#N/A N/A,#N/A N/A
1/1/1974,62.1,#N/A N/A,55.9,55.7,57.3,95.3,#N/A N/A,62,#N/A N/A,#N/A N/A,#N/A N/A,#N/A N/A
2/1/1974,58.6,#N/A N/A,49.7,56,51,93.6,#N/A N/A,58.8,#N/A N/A,#N/A N/A,#N/A N/A,#N/A N/A
3/1/1974,61.8,#N/A N/A,55.8,58,56.3,94,#N/A N/A,59.1,#N/A N/A,#N/A N/A,#N/A N/A,#N/A N/A
4/1/1974,59.9,#N/A N/A,54.5,56.4,53.9,93.5,#N/A N/A,62.5,#N/A N/A,#N/A N/A,#N/A N/A,#N/A N/A
5/1/1974,55.7,#N/A N/A,51.6,51.6,51.1,92.3,#N/A N/A,59.3,#N/A N/A,#N/A N/A,#N/A N/A,#N/A N/A
6/1/1974,54.7,#N/A N/A,50.4,51.9,49.9,88.6,#N/A N/A,55.9,#N/A N/A,#N/A N/A,#N/A N/A,#N/A N/A
7/1/1974,54.8,#N/A N/A,52,52.6,50.3,90.4,#N/A N/A,54.8,#N/A N/A,#N/A N/A,#N/A N/A,#N/A N/A
8/1/1974,52.9,#N/A N/A,49.6,50.2,49.2,86.1,#N/A N/A,57,#N/A N/A,#N/A N/A,#N/A N/A,#N/A N/A
9/1/1974,46.2,#N/A N/A,46.3,41.2,44.9,81,#N/A N/A,54.8,#N/A N/A,#N/A N/A,#N/A N/A,#N/A N/A
10/1/1974,42.7,#N/A N/A,44.3,36.5,45.4,75.7,#N/A N/A,47.9,#N/A N/A,#N/A N/A,#N/A N/A,#N/A N/A
11/1/1974,37.9,#N/A N/A,40.9,33.1,39.6,71,#N/A N/A,47.2,#N/A N/A,#N/A N/A,#N/A N/A,#N/A N/A
12/1/1974,30.9,#N/A N/A,33.4,27.9,33.3,64.7,#N/A N/A,40.6,#N/A N/A,#N/A N/A,#N/A N/A,#N/A N/A
1/1/1975,30.7,#N/A N/A,33.4,32.8,29.7,54.1,#N/A N/A,36.6,#N/A N/A,#N/A N/A,#N/A N/A,#N/A N/A
2/1/1975,34.4,#N/A N/A,41.5,40,33.1,48.8,#N/A N/A,30.6,#N/A N/A,#N/A N/A,#N/A N/A,#N/A N/A
3/1/1975,31.6,#N/A N/A,33.1,37,32.8,42.7,#N/A N/A,30.9,#N/A N/A,#N/A N/A,#N/A N/A,#N/A N/A
4/1/1975,37.5,#N/A N/A,45.5,42.6,36.9,42.6,#N/A N/A,26.9,#N/A N/A,#N/A N/A,#N/A N/A,#N/A N/A
5/1/1975,41.2,#N/A N/A,50.5,47.2,39.6,45.4,#N/A N/A,31,#N/A N/A,#N/A N/A,#N/A N/A,#N/A N/A
6/1/1975,45.1,#N/A N/A,53.1,54.9,43.9,44,#N/A N/A,28.7,#N/A N/A,#N/A N/A,#N/A N/A,#N/A N/A
7/1/1975,47.2,#N/A N/A,55.8,58.4,44.3,53,#N/A N/A,24.6,#N/A N/A,#N/A N/A,#N/A N/A,#N/A N/A
8/1/1975,51.4,#N/A N/A,61.1,60.3,49.7,68.8,#N/A N/A,28.1,#N/A N/A,#N/A N/A,#N/A N/A,#N/A N/A
9/1/1975,54.4,#N/A N/A,62.3,60.4,53.5,73.6,#N/A N/A,34.2,#N/A N/A,#N/A N/A,#N/A N/A,#N/A N/A
10/1/1975,55.5,#N/A N/A,62.3,64.2,48.9,75.3,#N/A N/A,41.9,#N/A N/A,#N/A N/A,#N/A N/A,#N/A N/A
11/1/1975,54.5,#N/A N/A,60,62.2,49.8,70.8,#N/A N/A,38.8,#N/A N/A,#N/A N/A,#N/A N/A,#N/A N/A
12/1/1975,54.9,#N/A N/A,62.4,63.1,50.8,64.4,#N/A N/A,40.2,#N/A N/A,#N/A N/A,#N/A N/A,#N/A N/A
1/1/1976,58.8,#N/A N/A,65.6,63.8,53.1,70.2,#N/A N/A,45.3,#N/A N/A,#N/A N/A,#N/A N/A,#N/A N/A
2/1/1976,61.5,#N/A N/A,64.8,68.7,57.3,73.2,#N/A N/A,48.2,#N/A N/A,#N/A N/A,#N/A N/A,#N/A N/A
3/1/1976,58.4,#N/A N/A,63.3,61.6,54.9,74.3,#N/A N/A,46.7,#N/A N/A,#N/A N/A,#N/A N/A,#N/A N/A
4/1/1976,60.6,#N/A N/A,64.1,65.2,56.4,75.9,#N/A N/A,51.4,#N/A N/A,#N/A N/A,#N/A N/A,#N/A N/A
5/1/1976,58.8,#N/A N/A,60.5,62.3,55.4,78,#N/A N/A,51.6,#N/A N/A,#N/A N/A,#N/A N/A,#N/A N/A
6/1/1976,58.2,#N/A N/A,60.5,60.6,54.3,80.1,#N/A N/A,52.6,#N/A N/A,#N/A N/A,#N/A N/A,#N/A N/A
7/1/1976,55.9,#N/A N/A,56.7,58,55.1,84.2,#N/A N/A,50.5,#N/A N/A,#N/A N/A,#N/A N/A,#N/A N/A
8/1/1976,54.5,#N/A N/A,52.9,57.7,52.1,73.3,#N/A N/A,52.4,#N/A N/A,#N/A N/A,#N/A N/A,#N/A N/A
9/1/1976,53.6,#N/A N/A,53.2,55.3,54.2,70.6,#N/A N/A,49.5,#N/A N/A,#N/A N/A,#N/A N/A,#N/A N/A
10/1/1976,53.5,#N/A N/A,56.1,57,50.2,67.1,#N/A N/A,50,#N/A N/A,#N/A N/A,#N/A N/A,#N/A N/A
11/1/1976,51.7,#N/A N/A,54.4,55.7,50.5,69.7,#N/A N/A,42.4,#N/A N/A,#N/A N/A,#N/A N/A,#N/A N/A
12/1/1976,56.6,#N/A N/A,59.6,58.9,53.8,75.8,#N/A N/A,52.8,#N/A N/A,#N/A N/A,#N/A N/A,#N/A N/A
1/1/1977,54.8,#N/A N/A,56.9,57.2,49.9,78.4,#N/A N/A,51.4,#N/A N/A,#N/A N/A,#N/A N/A,#N/A N/A
2/1/1977,55,#N/A N/A,50.8,56.8,51.5,76.8,#N/A N/A,51.9,#N/A N/A,#N/A N/A,#N/A N/A,#N/A N/A
3/1/1977,58.4,#N/A N/A,62.5,63.5,54.3,80.9,#N/A N/A,54.7,#N/A N/A,#N/A N/A,#N/A N/A,#N/A N/A
4/1/1977,56.9,#N/A N/A,59.2,60.3,51.9,78.8,#N/A N/A,54.4,#N/A N/A,#N/A N/A,#N/A N/A,#N/A N/A
5/1/1977,59.7,#N/A N/A,63,64.5,54.8,75.7,#N/A N/A,53.2,#N/A N/A,#N/A N/A,#N/A N/A,#N/A N/A
6/1/1977,56.8,#N/A N/A,62.5,58.1,52.5,71.9,#N/A N/A,52.6,#N/A N/A,#N/A N/A,#N/A N/A,#N/A N/A
7/1/1977,57.7,#N/A N/A,60.6,58.9,54.5,69,#N/A N/A,52,#N/A N/A,#N/A N/A,#N/A N/A,#N/A N/A
8/1/1977,54.9,#N/A N/A,53.9,58.8,53.6,70.4,#N/A N/A,50,#N/A N/A,#N/A N/A,#N/A N/A,#N/A N/A
9/1/1977,53.9,#N/A N/A,54.9,57,50.4,65.4,#N/A N/A,44.8,#N/A N/A,#N/A N/A,#N/A N/A,#N/A N/A
10/1/1977,55.4,#N/A N/A,57,57.1,56,64.5,#N/A N/A,47.9,#N/A N/A,#N/A N/A,#N/A N/A,#N/A N/A
11/1/1977,56.1,#N/A N/A,58.7,59.2,51.8,62,#N/A N/A,48,#N/A N/A,#N/A N/A,#N/A N/A,#N/A N/A
12/1/1977,59.8,#N/A N/A,64.7,60.7,59.8,67.2,#N/A N/A,48.9,#N/A N/A,#N/A N/A,#N/A N/A,#N/A N/A
1/1/1978,57.4,#N/A N/A,57.7,60.6,55.1,71.1,#N/A N/A,54,#N/A N/A,#N/A N/A,#N/A N/A,#N/A N/A
2/1/1978,55.9,#N/A N/A,54.6,56.2,52.8,74.4,#N/A N/A,54,#N/A N/A,#N/A N/A,#N/A N/A,#N/A N/A
3/1/1978,55,#N/A N/A,57,56.6,52.9,72.3,#N/A N/A,44,#N/A N/A,#N/A N/A,#N/A N/A,#N/A N/A
4/1/1978,57.7,#N/A N/A,60.3,60.2,53.8,78.7,#N/A N/A,52.4,#N/A N/A,#N/A N/A,#N/A N/A,#N/A N/A
5/1/1978,60.2,#N/A N/A,62.3,63.9,57,81.8,#N/A N/A,54.5,#N/A N/A,#N/A N/A,#N/A N/A,#N/A N/A
6/1/1978,60.5,#N/A N/A,61.7,63.6,57.2,82.3,#N/A N/A,54.2,#N/A N/A,#N/A N/A,#N/A N/A,#N/A N/A
7/1/1978,62.2,#N/A N/A,65.1,64.7,58.8,83,#N/A N/A,57.7,#N/A N/A,#N/A N/A,#N/A N/A,#N/A N/A
8/1/1978,60.3,#N/A N/A,64.9,61.3,55.3,85.4,#N/A N/A,55.4,#N/A N/A,#N/A N/A,#N/A N/A,#N/A N/A
9/1/1978,60.5,#N/A N/A,65,61.3,57.2,86.8,#N/A N/A,54.5,#N/A N/A,#N/A N/A,#N/A N/A,#N/A N/A
10/1/1978,60.1,#N/A N/A,62,58.8,57.9,86.8,#N/A N/A,56.1,#N/A N/A,#N/A N/A,#N/A N/A,#N/A N/A
11/1/1978,61.3,#N/A N/A,61.3,61.9,60.4,84.1,#N/A N/A,56.7,#N/A N/A,#N/A N/A,#N/A N/A,#N/A N/A
12/1/1978,59.4,#N/A N/A,60.4,59.9,56.9,84.5,#N/A N/A,53.9,#N/A N/A,#N/A N/A,#N/A N/A,#N/A N/A
1/1/1979,58.5,#N/A N/A,58.8,57.3,57.3,85.8,#N/A N/A,52.3,#N/A N/A,#N/A N/A,#N/A N/A,#N/A N/A
2/1/1979,58.2,#N/A N/A,59,58.6,55.6,86.5,#N/A N/A,51.4,#N/A N/A,#N/A N/A,#N/A N/A,#N/A N/A
3/1/1979,57.7,#N/A N/A,57.4,56.7,54.8,87.7,#N/A N/A,54.1,#N/A N/A,#N/A N/A,#N/A N/A,#N/A N/A
4/1/1979,56.2,#N/A N/A,55.5,55.1,46.9,86.3,#N/A N/A,50.9,#N/A N/A,#N/A N/A,#N/A N/A,#N/A N/A
5/1/1979,54.4,#N/A N/A,52.1,52.1,54.5,86.9,#N/A N/A,53.3,#N/A N/A,#N/A N/A,#N/A N/A,#N/A N/A
6/1/1979,52.7,#N/A N/A,50.2,49.4,53.8,88.7,#N/A N/A,53.8,#N/A N/A,#N/A N/A,#N/A N/A,#N/A N/A
7/1/1979,51.3,#N/A N/A,49.4,49.8,50.2,93.1,#N/A N/A,53.6,#N/A N/A,#N/A N/A,#N/A N/A,#N/A N/A
8/1/1979,49.5,#N/A N/A,49,46.9,50.5,85.6,#N/A N/A,51.6,#N/A N/A,#N/A N/A,#N/A N/A,#N/A N/A
9/1/1979,49.6,#N/A N/A,48.3,48.7,50.3,85,#N/A N/A,52.3,#N/A N/A,#N/A N/A,#N/A N/A,#N/A N/A
10/1/1979,49,#N/A N/A,49,47.3,54.6,85.6,#N/A N/A,46,#N/A N/A,#N/A N/A,#N/A N/A,#N/A N/A
11/1/1979,48,#N/A N/A,52.6,46.5,47.3,89.2,#N/A N/A,44.3,#N/A N/A,#N/A N/A,#N/A N/A,#N/A N/A
12/1/1979,44.8,#N/A N/A,48.2,44.3,44.1,84.4,#N/A N/A,43.5,#N/A N/A,#N/A N/A,#N/A N/A,#N/A N/A
1/1/1980,46.2,#N/A N/A,48.4,47.1,46.2,83,#N/A N/A,44.5,#N/A N/A,#N/A N/A,#N/A N/A,#N/A N/A
2/1/1980,50.2,#N/A N/A,53.1,51.6,49.7,84.5,#N/A N/A,46.5,#N/A N/A,#N/A N/A,#N/A N/A,#N/A N/A
3/1/1980,43.6,#N/A N/A,46.7,43.8,43.2,84,#N/A N/A,43,#N/A N/A,#N/A N/A,#N/A N/A,#N/A N/A
4/1/1980,37.4,#N/A N/A,37.9,32,41.2,77.5,#N/A N/A,45.3,#N/A N/A,#N/A N/A,#N/A N/A,#N/A N/A
5/1/1980,29.4,#N/A N/A,28.1,25.6,34.3,70.8,#N/A N/A,33.3,#N/A N/A,#N/A N/A,#N/A N/A,#N/A N/A
6/1/1980,30.3,#N/A N/A,31.5,24.2,32.8,63.4,#N/A N/A,37.3,#N/A N/A,#N/A N/A,#N/A N/A,#N/A N/A
7/1/1980,35,#N/A N/A,35.1,36.1,35,59.3,#N/A N/A,29.5,#N/A N/A,#N/A N/A,#N/A N/A,#N/A N/A
8/1/1980,45.5,#N/A N/A,46.9,54.1,38.7,67,#N/A N/A,37.6,#N/A N/A,#N/A N/A,#N/A N/A,#N/A N/A
9/1/1980,50.1,#N/A N/A,55.1,53.9,47,68,#N/A N/A,45.3,#N/A N/A,#N/A N/A,#N/A N/A,#N/A N/A
10/1/1980,55.5,#N/A N/A,60.7,63.7,49.4,75.2,#N/A N/A,43.9,#N/A N/A,#N/A N/A,#N/A N/A,#N/A N/A
11/1/1980,58.2,#N/A N/A,66.8,65.3,53.3,76.7,#N/A N/A,42.2,#N/A N/A,#N/A N/A,#N/A N/A,#N/A N/A
12/1/1980,53,#N/A N/A,57.2,51.2,53.2,74.6,#N/A N/A,51.4,#N/A N/A,#N/A N/A,#N/A N/A,#N/A N/A
1/1/1981,49.2,#N/A N/A,51.8,48.7,48.7,76.3,#N/A N/A,44.6,#N/A N/A,#N/A N/A,#N/A N/A,#N/A N/A
2/1/1981,48.8,#N/A N/A,50.9,51.1,46.3,70.9,#N/A N/A,42.1,#N/A N/A,#N/A N/A,#N/A N/A,#N/A N/A
3/1/1981,49.6,#N/A N/A,52.8,50.2,48.1,72.6,#N/A N/A,44.7,#N/A N/A,#N/A N/A,#N/A N/A,#N/A N/A
4/1/1981,51.6,#N/A N/A,55,53.1,49.2,70.2,#N/A N/A,44.4,#N/A N/A,#N/A N/A,#N/A N/A,#N/A N/A
5/1/1981,53.5,#N/A N/A,59,55.7,48.3,66.2,#N/A N/A,48.7,#N/A N/A,#N/A N/A,#N/A N/A,#N/A N/A
6/1/1981,50.7,#N/A N/A,53.9,51,48.8,70.8,#N/A N/A,49.4,#N/A N/A,#N/A N/A,#N/A N/A,#N/A N/A
7/1/1981,46.7,#N/A N/A,47.6,47.6,46.6,66.9,#N/A N/A,44.4,#N/A N/A,#N/A N/A,#N/A N/A,#N/A N/A
8/1/1981,48.3,#N/A N/A,49.5,47.2,47.8,65.6,#N/A N/A,47.3,#N/A N/A,#N/A N/A,#N/A N/A,#N/A N/A
9/1/1981,42.5,#N/A N/A,43.8,42.2,39.2,65.8,#N/A N/A,41.9,#N/A N/A,#N/A N/A,#N/A N/A,#N/A N/A
10/1/1981,40,#N/A N/A,39.4,40.2,37.9,57.5,#N/A N/A,48.9,#N/A N/A,#N/A N/A,#N/A N/A,#N/A N/A
11/1/1981,36.1,#N/A N/A,36.1,32.8,34.8,58.4,#N/A N/A,42.3,#N/A N/A,#N/A N/A,#N/A N/A,#N/A N/A
12/1/1981,37.8,#N/A N/A,37.3,39.1,34,54.7,#N/A N/A,37.2,#N/A N/A,#N/A N/A,#N/A N/A,#N/A N/A
1/1/1982,38.2,#N/A N/A,39,39.9,34.5,48.8,#N/A N/A,35.8,#N/A N/A,#N/A N/A,#N/A N/A,#N/A N/A
2/1/1982,38.3,#N/A N/A,40.1,38.6,35.5,45.3,#N/A N/A,34.7,#N/A N/A,#N/A N/A,#N/A N/A,#N/A N/A
3/1/1982,36.8,#N/A N/A,38,40.4,33.1,35.4,#N/A N/A,31.2,#N/A N/A,#N/A N/A,#N/A N/A,#N/A N/A
4/1/1982,37.8,#N/A N/A,41.3,40.9,31.7,35.7,#N/A N/A,31.5,#N/A N/A,#N/A N/A,#N/A N/A,#N/A N/A
5/1/1982,35.5,#N/A N/A,37.2,38.1,27.8,41.4,#N/A N/A,28.8,#N/A N/A,#N/A N/A,#N/A N/A,#N/A N/A
6/1/1982,38.3,#N/A N/A,39.4,42,30.8,39.6,#N/A N/A,29.4,#N/A N/A,#N/A N/A,#N/A N/A,#N/A N/A
7/1/1982,38.4,#N/A N/A,41.1,40.7,30.5,40.8,#N/A N/A,29.5,#N/A N/A,#N/A N/A,#N/A N/A,#N/A N/A
8/1/1982,38.3,#N/A N/A,39.9,40.1,31.8,39.2,#N/A N/A,31.6,#N/A N/A,#N/A N/A,#N/A N/A,#N/A N/A
9/1/1982,38.8,#N/A N/A,41.3,40.4,30.6,41.2,#N/A N/A,33.6,#N/A N/A,#N/A N/A,#N/A N/A,#N/A N/A
10/1/1982,39.4,#N/A N/A,42,41.9,30.6,41,#N/A N/A,32.5,#N/A N/A,#N/A N/A,#N/A N/A,#N/A N/A
11/1/1982,39.2,#N/A N/A,42.6,41.5,28.2,37.3,#N/A N/A,33.6,#N/A N/A,#N/A N/A,#N/A N/A,#N/A N/A
12/1/1982,42.8,#N/A N/A,44,46,36.3,39.1,#N/A N/A,34.7,#N/A N/A,#N/A N/A,#N/A N/A,#N/A N/A
1/1/1983,46,#N/A N/A,50.8,50.3,37.7,43.7,#N/A N/A,36.3,#N/A N/A,#N/A N/A,#N/A N/A,#N/A N/A
2/1/1983,54.4,#N/A N/A,61.1,60.6,47.4,48.7,#N/A N/A,40.1,#N/A N/A,#N/A N/A,#N/A N/A,#N/A N/A
3/1/1983,53.9,#N/A N/A,58.4,60.8,45.1,47.9,#N/A N/A,44.2,#N/A N/A,#N/A N/A,#N/A N/A,#N/A N/A
4/1/1983,54.2,#N/A N/A,58.2,59.4,46.4,55.6,#N/A N/A,46,#N/A N/A,#N/A N/A,#N/A N/A,#N/A N/A
5/1/1983,56.1,#N/A N/A,61.5,61.8,49.2,60.3,#N/A N/A,45.7,#N/A N/A,#N/A N/A,#N/A N/A,#N/A N/A
6/1/1983,57.5,#N/A N/A,63.2,62.3,49.7,61.5,#N/A N/A,45.7,#N/A N/A,#N/A N/A,#N/A N/A,#N/A N/A
7/1/1983,63.6,#N/A N/A,71.5,70.3,53.7,63.2,#N/A N/A,50.8,#N/A N/A,#N/A N/A,#N/A N/A,#N/A N/A
8/1/1983,63.1,#N/A N/A,69.9,68.1,56,69.4,#N/A N/A,49.3,#N/A N/A,#N/A N/A,#N/A N/A,#N/A N/A
9/1/1983,62.5,#N/A N/A,67.8,66.9,57.8,68,#N/A N/A,48.6,#N/A N/A,#N/A N/A,#N/A N/A,#N/A N/A
10/1/1983,64.4,#N/A N/A,69.6,69.5,57.6,69.3,#N/A N/A,52.1,#N/A N/A,#N/A N/A,#N/A N/A,#N/A N/A
11/1/1983,66,#N/A N/A,70.7,69.2,59.7,68.1,#N/A N/A,55,#N/A N/A,#N/A N/A,#N/A N/A,#N/A N/A
12/1/1983,69.9,#N/A N/A,80.6,74.8,60.4,71.4,#N/A N/A,59.6,#N/A N/A,#N/A N/A,#N/A N/A,#N/A N/A
1/1/1984,60.5,#N/A N/A,59.9,63.7,57.6,64.4,#N/A N/A,52.7,#N/A N/A,#N/A N/A,#N/A N/A,#N/A N/A
2/1/1984,61.3,#N/A N/A,64,64.9,56.4,71.1,#N/A N/A,52.7,#N/A N/A,#N/A N/A,#N/A N/A,#N/A N/A
3/1/1984,58.9,#N/A N/A,61.5,60.9,51.1,73.6,#N/A N/A,52.7,#N/A N/A,#N/A N/A,#N/A N/A,#N/A N/A
4/1/1984,61,#N/A N/A,62.3,63.2,56.8,71.9,#N/A N/A,54,#N/A N/A,#N/A N/A,#N/A N/A,#N/A N/A
5/1/1984,58.6,#N/A N/A,59.3,59.2,56.2,62.5,#N/A N/A,54.1,#N/A N/A,#N/A N/A,#N/A N/A,#N/A N/A
6/1/1984,58.1,#N/A N/A,62.3,60.5,51.7,64,#N/A N/A,56.3,#N/A N/A,#N/A N/A,#N/A N/A,#N/A N/A
7/1/1984,56.1,#N/A N/A,58.2,54.1,53.5,61.3,#N/A N/A,57.8,#N/A N/A,#N/A N/A,#N/A N/A,#N/A N/A
8/1/1984,53,#N/A N/A,54.3,54,50.4,58.7,#N/A N/A,49.1,#N/A N/A,#N/A N/A,#N/A N/A,#N/A N/A
9/1/1984,50,#N/A N/A,52.2,47.2,51.1,53.4,#N/A N/A,46.8,#N/A N/A,#N/A N/A,#N/A N/A,#N/A N/A
10/1/1984,50.8,#N/A N/A,53.4,52.9,48.1,51.7,#N/A N/A,45.6,#N/A N/A,#N/A N/A,#N/A N/A,#N/A N/A
11/1/1984,50.3,#N/A N/A,53.8,52,47.4,55,#N/A N/A,45.7,#N/A N/A,#N/A N/A,#N/A N/A,#N/A N/A
12/1/1984,50.6,#N/A N/A,54.9,52.8,45.2,50.7,#N/A N/A,47.3,#N/A N/A,#N/A N/A,#N/A N/A,#N/A N/A
1/1/1985,50.3,#N/A N/A,54.9,51.8,44.4,47.6,#N/A N/A,45.9,#N/A N/A,#N/A N/A,#N/A N/A,#N/A N/A
2/1/1985,49.9,#N/A N/A,54.2,51.8,45.2,44.8,#N/A N/A,44.8,#N/A N/A,#N/A N/A,#N/A N/A,#N/A N/A
3/1/1985,47.8,#N/A N/A,51.2,49.1,44.2,46.2,#N/A N/A,44,#N/A N/A,#N/A N/A,#N/A N/A,#N/A N/A
4/1/1985,48.2,#N/A N/A,51.6,51.3,43.2,44.1,#N/A N/A,43.8,#N/A N/A,#N/A N/A,#N/A N/A,#N/A N/A
5/1/1985,47.1,#N/A N/A,51.9,49.5,40.4,48.7,#N/A N/A,40.4,#N/A N/A,#N/A N/A,#N/A N/A,#N/A N/A
6/1/1985,47.8,#N/A N/A,50.5,50.7,44.5,42.4,#N/A N/A,40.2,#N/A N/A,#N/A N/A,#N/A N/A,#N/A N/A
7/1/1985,47.9,#N/A N/A,48.2,52.5,45.2,45.6,#N/A N/A,41.8,#N/A N/A,#N/A N/A,#N/A N/A,#N/A N/A
8/1/1985,47.7,#N/A N/A,50.6,51.8,41.1,44,#N/A N/A,43,#N/A N/A,#N/A N/A,#N/A N/A,#N/A N/A
9/1/1985,49.9,#N/A N/A,52.8,54.6,41.8,44.3,#N/A N/A,45.5,#N/A N/A,#N/A N/A,#N/A N/A,#N/A N/A
10/1/1985,50.9,#N/A N/A,54.9,53.4,45.2,46.4,#N/A N/A,45.9,#N/A N/A,#N/A N/A,#N/A N/A,#N/A N/A
11/1/1985,52,#N/A N/A,56.5,57.2,44.5,45.7,#N/A N/A,45.2,#N/A N/A,#N/A N/A,#N/A N/A,#N/A N/A
12/1/1985,50.7,#N/A N/A,55.3,54.8,42.6,48.7,#N/A N/A,45.2,#N/A N/A,#N/A N/A,#N/A N/A,#N/A N/A
1/1/1986,51.2,#N/A N/A,52.9,56.7,45.1,48.4,#N/A N/A,44.9,#N/A N/A,#N/A N/A,#N/A N/A,#N/A N/A
2/1/1986,51,#N/A N/A,53.6,57.1,43,49.7,#N/A N/A,44.7,#N/A N/A,#N/A N/A,#N/A N/A,#N/A N/A
3/1/1986,51,#N/A N/A,56,54.5,43.4,49,#N/A N/A,43.7,#N/A N/A,#N/A N/A,#N/A N/A,#N/A N/A
4/1/1986,49.7,#N/A N/A,52.5,54.4,42.2,42.8,#N/A N/A,42.5,#N/A N/A,#N/A N/A,#N/A N/A,#N/A N/A
5/1/1986,53.4,#N/A N/A,55.1,61.1,45.4,49.5,#N/A N/A,46.9,#N/A N/A,#N/A N/A,#N/A N/A,#N/A N/A
6/1/1986,50.5,#N/A N/A,53.5,55.3,43.3,51.3,#N/A N/A,44.4,#N/A N/A,#N/A N/A,#N/A N/A,#N/A N/A
7/1/1986,48,#N/A N/A,49.3,51.2,41.9,49.3,#N/A N/A,43.9,#N/A N/A,#N/A N/A,#N/A N/A,#N/A N/A
8/1/1986,52.6,#N/A N/A,56,58.4,44.5,51.5,#N/A N/A,45.9,#N/A N/A,#N/A N/A,#N/A N/A,#N/A N/A
9/1/1986,52.4,#N/A N/A,56.5,57.3,43.9,57.1,#N/A N/A,48.2,#N/A N/A,#N/A N/A,#N/A N/A,#N/A N/A
10/1/1986,51.2,#N/A N/A,54.2,54.5,43.7,56.9,#N/A N/A,48.2,#N/A N/A,#N/A N/A,#N/A N/A,#N/A N/A
11/1/1986,51.2,#N/A N/A,54.7,57,42.2,57.1,#N/A N/A,42.2,#N/A N/A,#N/A N/A,#N/A N/A,#N/A N/A
12/1/1986,50.5,#N/A N/A,53,55.4,44.5,57,#N/A N/A,38.4,#N/A N/A,#N/A N/A,#N/A N/A,#N/A N/A
1/1/1987,54.9,#N/A N/A,60.7,59.8,47.3,61.1,#N/A N/A,46.3,#N/A N/A,#N/A N/A,#N/A N/A,#N/A N/A
2/1/1987,52.6,#N/A N/A,57.3,55.4,46.6,62.5,#N/A N/A,46.7,#N/A N/A,#N/A N/A,#N/A N/A,#N/A N/A
3/1/1987,55,#N/A N/A,57.6,61.6,48.3,62.7,#N/A N/A,46.5,#N/A N/A,#N/A N/A,#N/A N/A,#N/A N/A
4/1/1987,55.5,#N/A N/A,59.3,59.8,51.3,65.6,#N/A N/A,45.9,#N/A N/A,#N/A N/A,#N/A N/A,#N/A N/A
5/1/1987,57.2,#N/A N/A,60.6,63.4,50.9,67.6,#N/A N/A,47.5,#N/A N/A,#N/A N/A,#N/A N/A,#N/A N/A
6/1/1987,57.4,#N/A N/A,60.1,61.2,51.4,72.6,#N/A N/A,52.4,#N/A N/A,#N/A N/A,#N/A N/A,#N/A N/A
7/1/1987,57.5,#N/A N/A,62.5,64,46.6,74.3,#N/A N/A,44.7,#N/A N/A,#N/A N/A,#N/A N/A,#N/A N/A
8/1/1987,59.3,#N/A N/A,64.2,62.7,52.4,77.4,#N/A N/A,49.3,#N/A N/A,#N/A N/A,#N/A N/A,#N/A N/A
9/1/1987,60,#N/A N/A,65.5,62.1,54.5,77.3,#N/A N/A,49.2,#N/A N/A,#N/A N/A,#N/A N/A,#N/A N/A
10/1/1987,60.7,#N/A N/A,63.2,65.3,54.6,78.1,#N/A N/A,50.7,#N/A N/A,#N/A N/A,#N/A N/A,#N/A N/A
11/1/1987,58.8,#N/A N/A,61.9,59.3,53.7,79.2,#N/A N/A,51.2,#N/A N/A,#N/A N/A,#N/A N/A,#N/A N/A
12/1/1987,61,#N/A N/A,65.1,61.5,59.1,80.2,#N/A N/A,50.8,#N/A N/A,#N/A N/A,#N/A N/A,#N/A N/A
1/1/1988,57.5,#N/A N/A,59.3,60.3,51.2,78.7,66,50.7,#N/A N/A,#N/A N/A,#N/A N/A,#N/A N/A
2/1/1988,56.2,#N/A N/A,58.6,57,52.5,81.2,65.7,48.1,#N/A N/A,#N/A N/A,#N/A N/A,#N/A N/A
3/1/1988,54.6,#N/A N/A,57.7,57.9,50.2,74.5,64.5,41.9,#N/A N/A,#N/A N/A,#N/A N/A,#N/A N/A
4/1/1988,55.8,#N/A N/A,59.1,57.6,49.2,81,64,51,#N/A N/A,#N/A N/A,#N/A N/A,#N/A N/A
5/1/1988,55.5,#N/A N/A,58,57.7,50.4,81.5,65.5,51.2,#N/A N/A,#N/A N/A,#N/A N/A,#N/A N/A
6/1/1988,59.3,#N/A N/A,61.7,63.6,50.5,80.7,66,48.2,#N/A N/A,#N/A N/A,#N/A N/A,#N/A N/A
7/1/1988,58.2,#N/A N/A,61.2,60.6,52.5,81,67.5,54.5,#N/A N/A,#N/A N/A,#N/A N/A,#N/A N/A
8/1/1988,56,#N/A N/A,57.8,59.2,51.2,78.2,59.9,49.4,#N/A N/A,#N/A N/A,#N/A N/A,#N/A N/A
9/1/1988,54.5,#N/A N/A,54.8,58.6,50.2,72.8,61.7,49.5,#N/A N/A,#N/A N/A,#N/A N/A,#N/A N/A
10/1/1988,55.4,#N/A N/A,58.7,57.2,52.4,71.5,60.8,49.2,#N/A N/A,#N/A N/A,#N/A N/A,#N/A N/A
11/1/1988,55.6,#N/A N/A,57.5,58.4,53.8,70.9,58.1,51.6,#N/A N/A,#N/A N/A,#N/A N/A,#N/A N/A
12/1/1988,56,#N/A N/A,57.6,59,54.8,69.8,64.3,49.9,#N/A N/A,#N/A N/A,#N/A N/A,#N/A N/A
1/1/1989,54.7,#N/A N/A,57.9,57.3,51.4,70.5,60.1,46.7,#N/A N/A,#N/A N/A,#N/A N/A,#N/A N/A
2/1/1989,54.1,#N/A N/A,55.6,57.3,50,67.9,60,49,#N/A N/A,#N/A N/A,#N/A N/A,#N/A N/A
3/1/1989,51.5,#N/A N/A,52.7,52,50.2,67.9,52.8,48.3,#N/A N/A,#N/A N/A,#N/A N/A,#N/A N/A
4/1/1989,52.2,#N/A N/A,54.9,53.1,50,65.4,58.4,47.4,#N/A N/A,#N/A N/A,#N/A N/A,#N/A N/A
5/1/1989,49.3,#N/A N/A,50.7,50.7,47.6,59.3,60.9,44.9,#N/A N/A,#N/A N/A,#N/A N/A,#N/A N/A
6/1/1989,47.3,#N/A N/A,49.5,45.6,47.4,50,53.3,47.5,#N/A N/A,#N/A N/A,#N/A N/A,#N/A N/A
7/1/1989,45.9,#N/A N/A,46.9,45.8,44.5,48.1,56.1,46.2,#N/A N/A,#N/A N/A,#N/A N/A,#N/A N/A
8/1/1989,45.1,#N/A N/A,46.7,45.2,44.6,43.3,57.8,43.5,#N/A N/A,#N/A N/A,#N/A N/A,#N/A N/A
9/1/1989,46,#N/A N/A,48,46,45.4,42.4,61.7,44.8,#N/A N/A,#N/A N/A,#N/A N/A,#N/A N/A
10/1/1989,46.8,#N/A N/A,48.5,49.3,45,41,57.2,43.8,#N/A N/A,#N/A N/A,#N/A N/A,#N/A N/A
11/1/1989,46.8,#N/A N/A,49.2,49.3,45.9,40.9,56.6,41.4,#N/A N/A,#N/A N/A,#N/A N/A,#N/A N/A
12/1/1989,47.4,#N/A N/A,49.7,50.4,44.6,41,54.9,43.9,#N/A N/A,#N/A N/A,#N/A N/A,#N/A N/A
1/1/1990,47.2,#N/A N/A,47.4,49.1,45.4,50.8,54.3,42.7,#N/A N/A,#N/A N/A,#N/A N/A,#N/A N/A
2/1/1990,49.1,#N/A N/A,52.8,52.5,46.5,44.6,54.7,41.4,#N/A N/A,#N/A N/A,#N/A N/A,#N/A N/A
3/1/1990,49.9,#N/A N/A,54.7,52.3,46.5,50.1,56.3,41.2,#N/A N/A,#N/A N/A,#N/A N/A,#N/A N/A
4/1/1990,50,#N/A N/A,53.5,53.7,46.6,50.9,57.5,41.3,#N/A N/A,#N/A N/A,#N/A N/A,#N/A N/A
5/1/1990,49.5,#N/A N/A,53.9,51.7,46.2,50.1,54.3,40,#N/A N/A,#N/A N/A,#N/A N/A,#N/A N/A
6/1/1990,49.2,#N/A N/A,51.3,52,45.4,53.2,56,42.6,#N/A N/A,#N/A N/A,#N/A N/A,#N/A N/A
7/1/1990,46.6,#N/A N/A,49.8,46.7,46.3,51.4,57.2,39.6,#N/A N/A,#N/A N/A,#N/A N/A,#N/A N/A
8/1/1990,46.1,#N/A N/A,47.9,45.5,43.1,53.1,54.6,43,#N/A N/A,#N/A N/A,#N/A N/A,#N/A N/A
9/1/1990,44.5,#N/A N/A,45.5,44.9,41.3,70.2,54.7,40.8,#N/A N/A,#N/A N/A,#N/A N/A,#N/A N/A
10/1/1990,43.2,#N/A N/A,43.6,43.1,40.2,73.4,51.5,41.2,#N/A N/A,#N/A N/A,#N/A N/A,#N/A N/A
11/1/1990,41.3,#N/A N/A,42.1,40.4,36.2,64.2,55.5,40.9,#N/A N/A,#N/A N/A,#N/A N/A,#N/A N/A
12/1/1990,40.8,#N/A N/A,41.8,38.5,38.8,58.9,56.5,39.6,#N/A N/A,#N/A N/A,#N/A N/A,#N/A N/A
1/1/1991,39.2,#N/A N/A,38.9,38.1,37.3,51.6,55.9,39.6,#N/A N/A,#N/A N/A,#N/A N/A,#N/A N/A
2/1/1991,39.4,#N/A N/A,39.1,39.2,35.6,44.5,53.3,39.9,#N/A N/A,#N/A N/A,#N/A N/A,#N/A N/A
3/1/1991,40.7,#N/A N/A,41.2,42.4,33.6,41.2,55.9,43.6,#N/A N/A,#N/A N/A,#N/A N/A,#N/A N/A
4/1/1991,42.8,#N/A N/A,44.5,46.1,35.8,38.8,53.9,39.6,#N/A N/A,#N/A N/A,#N/A N/A,#N/A N/A
5/1/1991,44.5,#N/A N/A,46.9,48.9,37.4,38.2,53.2,37.3,#N/A N/A,#N/A N/A,#N/A N/A,#N/A N/A
6/1/1991,50.3,#N/A N/A,53.7,58.4,43,39.6,54.8,37.1,#N/A N/A,#N/A N/A,#N/A N/A,#N/A N/A
7/1/1991,50.6,#N/A N/A,57.2,55.6,41.3,38.4,52.8,39.1,#N/A N/A,#N/A N/A,#N/A N/A,#N/A N/A
8/1/1991,52.9,#N/A N/A,59.8,60.1,44,41.8,56.5,39,#N/A N/A,#N/A N/A,#N/A N/A,#N/A N/A
9/1/1991,54.9,#N/A N/A,61.2,60.7,47.3,45.5,53.8,45.9,#N/A N/A,#N/A N/A,#N/A N/A,#N/A N/A
10/1/1991,53.1,#N/A N/A,60.7,58,44.7,50,55.7,40.5,#N/A N/A,#N/A N/A,#N/A N/A,#N/A N/A
11/1/1991,49.5,#N/A N/A,52.1,53.5,43,47.6,55.2,42.8,#N/A N/A,#N/A N/A,#N/A N/A,#N/A N/A
12/1/1991,46.8,#N/A N/A,50.6,49.5,39.8,48.9,53.6,38.8,#N/A N/A,#N/A N/A,#N/A N/A,#N/A N/A
1/1/1992,47.3,#N/A N/A,50.4,49.6,40.6,45.4,51.9,44.1,#N/A N/A,#N/A N/A,#N/A N/A,#N/A N/A
2/1/1992,52.7,#N/A N/A,58.7,58.3,43.9,45.9,54.7,44,#N/A N/A,#N/A N/A,#N/A N/A,#N/A N/A
3/1/1992,54.6,#N/A N/A,59.7,63.3,43.7,48.1,54.7,44.3,#N/A N/A,#N/A N/A,#N/A N/A,#N/A N/A
4/1/1992,52.6,#N/A N/A,57.8,59.1,45,51.1,53.4,43.2,#N/A N/A,#N/A N/A,#N/A N/A,#N/A N/A
5/1/1992,55.7,#N/A N/A,61.2,60.9,49.5,55,56.2,47,#N/A N/A,#N/A N/A,#N/A N/A,#N/A N/A
6/1/1992,53.6,#N/A N/A,57.6,59.8,46.6,53.9,53.1,43.1,#N/A N/A,#N/A N/A,#N/A N/A,#N/A N/A
7/1/1992,53.9,#N/A N/A,57.4,59.5,45.5,56.2,55.2,46.9,#N/A N/A,#N/A N/A,#N/A N/A,#N/A N/A
8/1/1992,53.4,#N/A N/A,56.8,58.8,47.3,53.7,53.3,45.8,#N/A N/A,#N/A N/A,#N/A N/A,#N/A N/A
9/1/1992,49.7,#N/A N/A,53.9,51.1,45.1,51.6,55.8,42.3,#N/A N/A,#N/A N/A,#N/A N/A,#N/A N/A
10/1/1992,50.3,#N/A N/A,54.7,53.8,44.7,46.4,53.8,42.4,#N/A N/A,#N/A N/A,#N/A N/A,#N/A N/A
11/1/1992,53.6,#N/A N/A,58.6,58.8,47.1,42.1,52.9,42.1,#N/A N/A,#N/A N/A,#N/A N/A,#N/A N/A
12/1/1992,54.2,#N/A N/A,57.9,61,45.9,48,53.1,45,#N/A N/A,#N/A N/A,#N/A N/A,#N/A N/A
1/1/1993,55.8,#N/A N/A,61.5,63,46.9,49.8,53.4,43.3,#N/A N/A,#N/A N/A,#N/A N/A,#N/A N/A
2/1/1993,55.2,#N/A N/A,63.5,59.7,47,53.9,53.2,42.6,#N/A N/A,#N/A N/A,#N/A N/A,#N/A N/A
3/1/1993,53.5,#N/A N/A,56.7,58.1,47.1,53.6,52.3,45.6,#N/A N/A,#N/A N/A,#N/A N/A,#N/A N/A
4/1/1993,50.2,#N/A N/A,51.6,53,44.8,54.6,53.5,44.7,#N/A N/A,#N/A N/A,#N/A N/A,#N/A N/A
5/1/1993,51.2,#N/A N/A,55,55.2,43.6,50.4,54.2,44.8,#N/A N/A,#N/A N/A,#N/A N/A,#N/A N/A
6/1/1993,49.6,#N/A N/A,53.1,51.6,43.2,50.6,52.4,46.5,#N/A N/A,#N/A N/A,#N/A N/A,#N/A N/A
7/1/1993,50.2,#N/A N/A,52.7,53.8,43.6,51.4,50.1,45.5,#N/A N/A,#N/A N/A,#N/A N/A,#N/A N/A
8/1/1993,50.7,#N/A N/A,53.9,55.3,41.9,52.3,52.6,44.4,#N/A N/A,#N/A N/A,#N/A N/A,#N/A N/A
9/1/1993,50.8,#N/A N/A,55.2,52.6,44.5,49,51.7,46.2,#N/A N/A,#N/A N/A,#N/A N/A,#N/A N/A
10/1/1993,53.4,#N/A N/A,56.1,58.9,46,50.9,54.1,48.6,#N/A N/A,#N/A N/A,#N/A N/A,#N/A N/A
11/1/1993,53.8,#N/A N/A,57.5,60.4,45.5,52.7,55,45.5,#N/A N/A,#N/A N/A,#N/A N/A,#N/A N/A
12/1/1993,55.6,#N/A N/A,61.7,62.4,47.1,53.1,53.8,43.2,#N/A N/A,#N/A N/A,#N/A N/A,#N/A N/A
1/1/1994,56,#N/A N/A,59.7,63.5,47.5,58.9,55.3,43.9,#N/A N/A,#N/A N/A,#N/A N/A,#N/A N/A
2/1/1994,56.5,#N/A N/A,60.2,62.2,48.7,63,58.3,44.6,#N/A N/A,#N/A N/A,#N/A N/A,#N/A N/A
3/1/1994,56.9,#N/A N/A,63.4,62.8,48.2,62.9,55.2,43,#N/A N/A,#N/A N/A,#N/A N/A,#N/A N/A
4/1/1994,57.4,#N/A N/A,61.4,62.7,50.1,63.5,56.9,45.9,#N/A N/A,#N/A N/A,#N/A N/A,#N/A N/A
5/1/1994,58.2,#N/A N/A,62.7,61.6,51.4,67.8,54.9,47.6,#N/A N/A,#N/A N/A,#N/A N/A,#N/A N/A
6/1/1994,58.8,#N/A N/A,62,65,49.5,69.7,57.8,48.3,#N/A N/A,#N/A N/A,#N/A N/A,#N/A N/A
7/1/1994,58.5,#N/A N/A,62.3,64.2,52.3,71.6,56.7,45.1,#N/A N/A,#N/A N/A,#N/A N/A,#N/A N/A
8/1/1994,58,#N/A N/A,60.2,63,51.4,75.2,57.7,44.9,#N/A N/A,#N/A N/A,#N/A N/A,#N/A N/A
9/1/1994,59,#N/A N/A,62.8,62.7,52.5,80.3,60,46.1,#N/A N/A,#N/A N/A,#N/A N/A,#N/A N/A
10/1/1994,59.4,#N/A N/A,63.3,63,51.1,84.1,58.5,47.6,#N/A N/A,#N/A N/A,#N/A N/A,#N/A N/A
11/1/1994,59.2,#N/A N/A,63.9,61.5,51.6,84.5,56.1,47.3,#N/A N/A,#N/A N/A,#N/A N/A,#N/A N/A
12/1/1994,56.1,#N/A N/A,59.5,58.9,46.7,87.1,58.4,45,#N/A N/A,#N/A N/A,#N/A N/A,#N/A N/A
1/1/1995,57.4,#N/A N/A,60.9,59.7,51.9,86,59.1,45.2,#N/A N/A,#N/A N/A,#N/A N/A,#N/A N/A
2/1/1995,55.1,#N/A N/A,57.4,56.6,50,81.7,58.7,47,#N/A N/A,#N/A N/A,#N/A N/A,#N/A N/A
3/1/1995,52.1,#N/A N/A,54.8,51.9,48.1,78.9,56.9,47,#N/A N/A,#N/A N/A,#N/A N/A,#N/A N/A
4/1/1995,51.5,#N/A N/A,54.1,52.2,47.4,74.5,55.6,44.2,#N/A N/A,#N/A N/A,#N/A N/A,#N/A N/A
5/1/1995,46.7,#N/A N/A,49.9,44,43.7,70.5,56.3,43.3,#N/A N/A,#N/A N/A,#N/A N/A,#N/A N/A
6/1/1995,45.9,#N/A N/A,46.1,43.5,46.5,64.7,56.1,43,#N/A N/A,#N/A N/A,#N/A N/A,#N/A N/A
7/1/1995,50.7,#N/A N/A,51.6,52.7,48.1,58.6,56.4,46.5,#N/A N/A,#N/A N/A,#N/A N/A,#N/A N/A
8/1/1995,47.1,#N/A N/A,49.1,46.5,45,48.5,53.7,45.5,#N/A N/A,#N/A N/A,#N/A N/A,#N/A N/A
9/1/1995,48.1,#N/A N/A,50.5,49.4,45.5,48.8,52.6,40.3,#N/A N/A,#N/A N/A,#N/A N/A,#N/A N/A
10/1/1995,46.7,#N/A N/A,47,47.5,45.9,46.5,52.2,42.2,#N/A N/A,#N/A N/A,#N/A N/A,#N/A N/A
11/1/1995,45.9,#N/A N/A,45,48.6,44.5,44.5,54.7,43.3,#N/A N/A,#N/A N/A,#N/A N/A,#N/A N/A
12/1/1995,46.2,#N/A N/A,46.9,45.9,46.2,40.3,56.5,43.1,#N/A N/A,#N/A N/A,#N/A N/A,#N/A N/A
1/1/1996,45.5,#N/A N/A,45.6,44.1,45.3,40.3,50,46.6,#N/A N/A,#N/A N/A,#N/A N/A,#N/A N/A
2/1/1996,45.9,#N/A N/A,45.7,46.1,44.6,38.8,51.3,43.3,#N/A N/A,#N/A N/A,#N/A N/A,#N/A N/A
3/1/1996,46.9,#N/A N/A,47.3,49.1,44.4,39.9,50.8,40,#N/A N/A,#N/A N/A,#N/A N/A,#N/A N/A
4/1/1996,49.3,#N/A N/A,51.6,52.3,44.7,41.5,51.4,43.9,#N/A N/A,#N/A N/A,#N/A N/A,#N/A N/A
5/1/1996,49.1,#N/A N/A,53,51.7,44.7,50.2,57.2,39.2,#N/A N/A,#N/A N/A,#N/A N/A,#N/A N/A
6/1/1996,53.6,#N/A N/A,55.5,59.4,48.2,47.9,53.1,43.1,#N/A N/A,#N/A N/A,#N/A N/A,#N/A N/A
7/1/1996,49.7,#N/A N/A,52.4,51.9,46.7,44.1,53.2,40.8,#N/A N/A,#N/A N/A,#N/A N/A,#N/A N/A
8/1/1996,51.6,#N/A N/A,55.1,54.6,47.4,46.6,55.3,42.2,#N/A N/A,#N/A N/A,#N/A N/A,#N/A N/A
9/1/1996,51.1,#N/A N/A,53.5,54.6,47.2,50.1,55.1,43.7,#N/A N/A,#N/A N/A,#N/A N/A,#N/A N/A
10/1/1996,50.5,#N/A N/A,55.4,52.9,46,45.7,57,39.6,#N/A N/A,#N/A N/A,#N/A N/A,#N/A N/A
11/1/1996,53,#N/A N/A,58.1,56.9,47.6,46.3,55.5,42.3,#N/A N/A,#N/A N/A,#N/A N/A,#N/A N/A
12/1/1996,55.2,#N/A N/A,58.9,61.7,48.6,52,56.5,44.4,#N/A N/A,#N/A N/A,#N/A N/A,#N/A N/A
1/1/1997,53.8,#N/A N/A,59.8,57,49.8,53.3,56.2,43.2,#N/A N/A,#N/A N/A,#N/A N/A,#N/A N/A
2/1/1997,53.1,#N/A N/A,58.9,57.6,45.9,56.4,54.6,41.3,#N/A N/A,#N/A N/A,#N/A N/A,#N/A N/A
3/1/1997,53.8,#N/A N/A,55,58.6,50.8,51.1,55.7,43.5,#N/A N/A,#N/A N/A,#N/A N/A,#N/A N/A
4/1/1997,53.7,#N/A N/A,56.8,56.6,51.8,50.3,54.7,41.4,#N/A N/A,#N/A N/A,#N/A N/A,#N/A N/A
5/1/1997,56.1,#N/A N/A,56.7,62.3,50.7,48.5,53.6,48.1,#N/A N/A,#N/A N/A,#N/A N/A,#N/A N/A
6/1/1997,54.9,#N/A N/A,56.5,59.4,51.3,48.9,53.5,45.2,#N/A N/A,#N/A N/A,#N/A N/A,#N/A N/A
7/1/1997,57.7,56.7,64.5,61.3,51.7,52,56.2,45.9,58.6,58.8,53.8,50.9
8/1/1997,56.3,62,61.5,60.3,51.3,52.1,54.9,43,62.6,60.2,53.8,53.3
9/1/1997,53.9,56.2,56.6,55.4,51.2,53,49.4,47.2,59.1,59.3,53.2,53.1
10/1/1997,56.4,56.6,59.4,60.9,52.8,53.6,54.9,45,62.6,60.8,51,53.1
11/1/1997,55.7,58.5,60.1,57.4,53.7,52.1,53.6,43.8,61.9,59.9,56.7,54.3
12/1/1997,54.5,55.5,56.7,57.2,52.1,52.2,51.4,46.2,56.5,58.8,55,54.9
1/1/1998,53.8,57,55.6,57.1,51.1,47,46.2,46.2,61.4,57.4,55,52.7
2/1/1998,52.9,56.2,54.6,54.6,51.7,45.5,48.3,46.2,58.9,59.1,54.8,51.6
3/1/1998,52.9,54.7,54.5,54.9,51.4,44.2,46.7,46,57,55.1,54.1,47.9
4/1/1998,52.2,54.9,53.3,55.3,49,40.5,48.5,46.1,58.6,57.5,51.6,46.8
5/1/1998,50.9,56.2,53.2,51.5,49.3,41.1,46.1,46,61.2,60.2,52.8,47.2
6/1/1998,48.9,55.1,50.6,50.2,47,39.3,46.3,42,58.7,55.8,52.5,45.5
7/1/1998,49.2,55.8,50.8,51.8,45.1,38.4,45.6,44.1,58.6,58.2,51.9,47
8/1/1998,49.3,53.5,50.7,50.9,46.7,37.8,44,44.8,52.2,55.3,52.3,47.9
9/1/1998,48.7,55,51.2,49.4,45.7,34,44.2,43.2,57.4,55.9,53.7,46.2
10/1/1998,48.7,53.8,52.4,48,45.2,34.7,44.4,47.1,54,54.7,53.1,49.3
11/1/1998,48.2,52.6,50.4,48.3,45.3,34.5,43.7,44.5,54.9,52.7,52.6,47.3
12/1/1998,46.8,52.9,47.7,49.7,41.9,31.9,46.2,42.7,54.2,53.5,50.9,48.5
1/1/1999,50.6,55.6,55.6,52.4,45.5,33.7,50,42.7,58.8,57.5,51.4,47
2/1/1999,51.7,54.4,56,55,45.8,35.2,53.3,43.5,57.3,56.6,52.2,45.5
3/1/1999,52.4,55.3,55.7,55.9,47.6,42.5,50.1,43.7,59.5,58.1,51.1,48.9
4/1/1999,52.3,55.5,57.2,54,48.8,47.4,51.1,46.8,59.8,58.6,52,51.4
5/1/1999,54.3,55.3,58.5,57.8,51.1,51.2,50.9,43.6,57.7,56.4,52.9,52.9
6/1/1999,55.8,56.7,61.6,59.4,51.3,54.2,52.4,44.7,57.9,59.7,55.3,53.2
7/1/1999,53.6,56.2,58.1,54.6,50.4,55.5,51.1,44.9,60.7,58.1,53.4,57.7
8/1/1999,54.8,56.4,58.3,57.5,53.1,60.6,54.4,46.2,60.3,59.6,52.3,58.9
9/1/1999,57,56.2,59.9,63.5,51.3,65.8,55.8,43.8,59.1,60.1,51.4,64.2
10/1/1999,57.2,57.6,59.7,61.3,53,68.8,54.9,48,60.7,62,51.7,58.9
11/1/1999,58.1,54.9,60.2,63.1,53.1,68.1,55.8,49.7,57,55.5,50.6,61
12/1/1999,57.8,56.9,60.6,60.3,55.7,67.4,55,49,60.4,61.1,53,60.5
1/1/2000,56.7,56.6,57.8,60.4,52.8,72.4,53.4,52.8,57.7,60.8,52.3,61.4
2/1/2000,55.8,56.2,59.1,58.7,53.6,71.6,54.2,44.9,58.2,58.9,52.8,66.5
3/1/2000,54.9,57.4,59.5,56.2,51.2,78.7,54.8,47.5,60.5,61.7,55,68.6
4/1/2000,54.7,58,58.1,55.4,53.2,71.2,51.5,46.1,61.1,61.5,54.4,65
5/1/2000,53.2,57.7,56.4,51.5,53,65.7,56.4,46.9,59.8,60.5,53.5,64.2
6/1/2000,51.4,56.9,53.4,50,50.7,62.9,52.8,47,60.3,59.4,54.4,65
7/1/2000,52.5,55.3,53.7,52,52.5,63.4,51.7,48.5,56.5,59.7,50.5,62.1
8/1/2000,49.9,57.6,49.7,50,48.8,58.1,50.8,47.1,61.3,59.8,54.2,59.2
9/1/2000,49.7,56.7,51.5,48.9,50.6,58.4,50.7,45.9,59.8,60.4,53.5,62.1
10/1/2000,48.7,56.7,49.3,48.4,48.2,57.7,48.7,45.9,58.6,59.2,54.5,63.7
11/1/2000,48.5,56.2,50.1,49.1,47.1,58.1,48.6,42.8,59.7,56.4,54.6,60.9
12/1/2000,43.9,54,42.9,42.1,42.7,59.8,49.5,40.4,57.5,54.9,52.4,63.5
1/1/2001,42.3,51.6,39.2,38.4,42.3,64.6,46.7,41.8,52.5,50.8,51.7,61.8
2/1/2001,42.1,51.3,38.6,39.9,37.8,55.6,46.8,44.2,51.5,51.4,50.7,58.1
3/1/2001,43.1,50.7,42.6,41.5,39.9,49.9,50.3,43.7,50,52.6,49.6,55.8
4/1/2001,42.7,48.3,43.1,45.5,38.2,48,47.5,39.7,48.3,47.2,46.5,53.8
5/1/2001,41.3,49,43.1,44.9,35.1,45.1,45.3,38.2,47.9,49.3,46.7,58.5
6/1/2001,43.2,50.1,45.3,47.8,35.7,42.8,45.2,39.9,51.6,52.2,45.6,54.5
7/1/2001,43.5,48.1,47,49.2,37.2,39.9,48.4,37.1,48.1,47.5,46.4,49.9
8/1/2001,46.3,46.9,51.8,54.3,41.3,35,52,37.6,47.4,46.5,45.7,48.9
9/1/2001,46.2,49.5,51.8,51.3,41.5,36.6,46.9,38.9,49.7,50.8,46.4,50.2
10/1/2001,40.8,44.8,41.8,38.9,35.6,33.3,44.3,38.3,40.5,41.3,43.9,43.4
11/1/2001,44.1,48.2,46.9,49.1,36.4,32,50,38.9,49.4,46.4,44.5,41.3
12/1/2001,45.3,49.7,49.2,51.4,39.1,33.2,47.6,37.6,50.7,49.9,44.6,42.3
1/1/2002,47.5,48.9,51.1,55.2,41,43.9,50.1,39.2,49.8,48.3,44.3,48.8
2/1/2002,50.7,52.7,58.1,60.7,43.8,41.5,50.7,39.7,57.5,56.3,43.9,47.6
3/1/2002,52.4,52.8,58.3,63.8,46.6,51.9,50.6,41.4,57.1,56.4,45.8,49.2
4/1/2002,52.4,53.5,59.1,59.9,46.6,60.3,51.9,43,56.3,58.4,47.8,53.7
5/1/2002,53.1,54.8,59.4,61.8,47.3,63,53.3,43.8,60.5,57.3,49.2,55.2
6/1/2002,53.6,52.5,61.1,61.2,48.3,65.5,54.1,43.2,56.1,56.4,44,53.1
7/1/2002,50.2,50.4,56.6,51.9,45,68.3,52.2,42.7,52.1,50.7,46.1,60.5
8/1/2002,50.3,50.9,54.9,50.6,46.8,61.5,53.4,45.4,51.9,51.6,47.2,55.1
9/1/2002,50.5,52.3,53.5,52.9,45.8,62.5,53.8,43.8,54.9,54.8,47.1,53.4
10/1/2002,49,51.4,51.3,52.1,46.4,58.3,53,42,53.1,52.3,46.6,56.1
11/1/2002,48.5,52.9,52.7,49.9,44.8,55.7,50,43.1,56.8,56.4,46,57.6
12/1/2002,51.6,52.3,53.9,58.7,47.5,56.9,52,45.2,55.5,54.2,47,56.5
1/1/2003,51.3,53.3,54.1,58.2,47.4,57.5,54.4,44.2,56.2,54.4,50.5,58
2/1/2003,48.8,52.6,53.6,51.9,42.6,65.5,55.2,43,55.6,53.9,48.5,60.5
3/1/2003,46.3,49.1,47,47.2,42.2,70,51.3,42.3,46.3,49.9,48.1,59.4
4/1/2003,46.1,50.1,48.5,47.2,41.8,63.5,50.8,43.1,50.7,50.4,48.7,55.7
5/1/2003,49,52.8,52.9,53.4,42.4,51.5,51.7,45.7,54.6,55.9,48.5,50
6/1/2003,49,54.3,54.1,53.6,45.6,56.5,54.6,42,59.2,57.1,49.3,52.3
7/1/2003,51,57.3,53.9,56.8,46.3,53,54.4,46.3,62.7,62.3,50.5,51.4
8/1/2003,53.2,59.1,61.8,61.1,47.1,53,56.4,43.1,65.1,66.9,51.7,56.1
9/1/2003,52.4,57.6,57.8,60.8,46.5,56,54.5,43.4,63.8,61.4,50.1,59.5
10/1/2003,55.2,58.7,62.8,64.4,48.6,58.5,59.5,45.6,64.4,64.2,53,57.2
11/1/2003,58.4,57.5,66.6,69.1,50.4,64,57.1,49.7,61.1,61.3,54.4,58.5
12/1/2003,60.1,56.8,70,71.3,54.1,66,59.3,45.9,60,61.2,54,61.1
1/1/2004,60.8,61.2,69.3,70.6,54.7,75.5,57.2,47.9,67.7,65.4,55.1,62.2
2/1/2004,59.9,58,65.6,66.5,55.7,81.5,55.1,49,62.5,61.2,52.9,59.5
3/1/2004,60.6,58.3,66.8,64.6,57,86,60.2,48,62.3,62.1,53.8,65
4/1/2004,60.6,59.6,66.6,67.1,57.2,88,59.9,45.2,64,61.6,54.7,68.6
5/1/2004,61.4,58.5,65.3,64.5,60.1,86,60,48.8,62.6,60.7,54.5,71
6/1/2004,60.5,58.6,63.7,60.9,59.4,81,57.3,51.3,59.2,62.1,55.6,74.2
7/1/2004,59.9,58.5,63.8,62.8,57.4,77,56.7,50.8,63.2,63.2,49.7,71.9
8/1/2004,58.5,57.3,59.3,62.1,56.4,81.5,55.8,52.1,59.7,59,53.5,70.9
9/1/2004,57.4,57.9,59.8,57.7,58,76,53.5,51.6,60,60.6,55.3,67
10/1/2004,56.3,58.8,59.3,58.4,55.5,78.5,56.7,49.3,61,61.7,56.5,72.8
11/1/2004,56.2,58.4,57.3,60.1,56.9,74,54.5,49.7,62.8,61.1,54.8,70.6
12/1/2004,57.2,59.6,57.9,66.3,53.8,72,59.1,52.8,65,63.2,54.7,71.3
1/1/2005,56.8,58,59.3,57.9,58.6,69,56.5,53.5,62.5,62.4,54.6,69.1
2/1/2005,55.5,59.4,58.2,55.9,56,65.5,56.5,51,61.9,63.3,59.7,69.7
3/1/2005,55.2,58,57.5,57.7,52.5,73,55.1,55,61.3,60.5,57.2,65.6
4/1/2005,52.2,55.6,54.2,53.4,53,71,57,48.5,58.6,57.5,53.3,62.4
5/1/2005,50.8,55.3,54.7,51.8,49.3,58,55.3,48.5,57.5,58.2,51.8,57.6
6/1/2005,52.4,58.1,55.1,55.7,51.1,50.5,51.2,48,60.7,59.2,55.8,58.4
7/1/2005,52.8,59.5,57.4,57.2,53.2,48.5,55.8,45.5,61.3,64.4,55.1,65.8
8/1/2005,52.4,61.3,55.6,57.8,51.8,62.5,54.5,47,64.8,65.3,60.2,66.1
9/1/2005,56.8,55.7,62.4,60.9,53.4,78,57.3,49.5,55.2,56.2,55.4,83.5
10/1/2005,57.2,57.4,62.1,61.4,54.3,84,55.2,46.5,59.2,57.5,54.2,79.2
11/1/2005,56.7,59.1,62.4,61.2,56,74,57.9,47,59.2,59.6,56.9,72.6
12/1/2005,55.1,59,60.3,60.1,53.7,63,54.3,46.5,60.1,62.8,56.4,68.9
1/1/2006,55,56.3,59.7,58.9,53.1,65,58.5,47.5,58.6,57.4,54.5,69.9
2/1/2006,55.8,57.6,57.9,61,53.5,62.5,57,52,61.8,57.8,58.1,67.8
3/1/2006,54.3,56.9,57,57,53.8,66.5,57.3,50,60,58.6,55.1,60.1
4/1/2006,55.2,58.4,57.1,55.7,54.2,71.5,53.4,51.5,61.3,61.1,56.5,68.5
5/1/2006,53.7,57,56,54.9,53.2,77,55.7,48.5,58.1,58.6,54.6,70.5
6/1/2006,52,55.2,53.4,55,49.9,76.5,55.4,47.5,56.4,57,51.2,69
7/1/2006,53,55.6,56.9,55.8,50.7,78.5,51.9,48,56.3,58.1,53.6,70.6
8/1/2006,53.7,53.9,55.2,55.3,52.6,73,55.7,51,56.7,53.1,52.2,72.2
9/1/2006,52.2,54.5,56.2,54.8,49.9,61,55.3,47,54.4,56.5,52.9,60.6
10/1/2006,51.4,54.9,54.3,54.1,49.6,47,57.8,47.5,56.9,55.3,52.9,56.5
11/1/2006,50.3,54.5,50.7,50.8,49.2,53.5,56.9,47.5,59.2,56.7,52.2,56.7
12/1/2006,51.4,53.7,52.7,51.4,49.8,47.5,54.3,47.5,56.1,54.8,52.7,60.5
1/1/2007,50.4,55.4,49,55.5,52.1,53.6,53.4,40.5,57.6,55.8,54.5,57.5
2/1/2007,54.1,54.2,54.1,59.1,54.7,62.5,53.4,49.4,56.1,56.1,52.2,57
3/1/2007,52.8,52.1,54.3,56,52.8,65.5,56.7,48.8,53.1,53.7,51.7,64.2
4/1/2007,52.7,53.4,55.9,57.1,52.7,73,56.7,46.5,56.1,54.5,51.9,63.2
5/1/2007,53.1,54.3,59,57,51.1,72.6,60.2,47.6,58.3,56.9,52.5,62.8
6/1/2007,54,54.9,59.3,58.4,55.7,67.1,54.4,47.5,59.2,56.8,53.2,61.6
7/1/2007,51.8,53.6,54.3,57.5,50.4,67.4,58.1,46.8,57,54.4,51.3,59.7
8/1/2007,52.2,52.7,55.2,56.1,50.7,62.9,56.1,48.1,55.8,56.3,48.3,60
9/1/2007,53.8,52.6,60.8,59.4,53.9,60.4,55.6,44.7,54.8,52.8,52.2,66.7
10/1/2007,52.8,53.6,52.3,55.8,53.5,63.9,58.9,50.6,55.2,55.6,53.4,66.2
11/1/2007,51.5,52.8,52.3,53.1,53.2,72,59.6,46.3,56,51.9,51.8,75.3
12/1/2007,50.1,52.5,52,49.9,51.1,65.7,53.9,44.1,53.2,52.5,51.6,72
1/1/2008,50.9,44.8,50.7,49.5,49.6,76.2,56.9,51.3,41.4,43.5,45.2,71.6
2/1/2008,48.8,49.9,49.4,50.5,47.3,75.7,57.1,45.9,52.1,50.5,46.9,71.7
3/1/2008,49.7,49.4,48.9,49.2,52.2,83.1,57.2,45.8,52,49.4,47,72.7
4/1/2008,48.5,51.9,49,46.2,45.4,83.9,58.4,48.3,51,49.9,50.7,71.9
5/1/2008,48.9,51.5,50.6,47.9,45,88.1,60.6,47,53.6,53.9,47.6,75.2
6/1/2008,49.9,48.1,50,49.5,45,91.4,60.2,49.2,49.6,49,43.4,79.6
7/1/2008,50.8,50.1,52.8,48.4,54.7,90.4,55.4,43.3,51,49.4,46.4,77.4
8/1/2008,50.1,50.6,52.7,48.6,50.2,76.5,56.8,48.7,51.2,50.5,45.2,72.4
9/1/2008,47.2,49.4,49,45.1,45.4,55.1,53.6,44.4,50.6,49.5,44.1,71.9
10/1/2008,38.2,44.7,34.8,32,33,39.8,40.7,42.7,43.9,44.2,42.8,53.9
11/1/2008,39,37.8,35.2,34.5,36.8,28.4,40.4,39,34.4,35.4,32,37.4
12/1/2008,34.5,40,28.1,25.9,32.5,17.1,34.7,38.9,38.5,38.7,34.6,36.1
1/1/2009,36.4,43,32.3,32.5,30.5,29,38.5,39.8,43.9,40.6,35.8,41.7
2/1/2009,36.6,41.6,38.4,32.7,28,29.9,38.8,37.7,40.9,40.6,36.9,48.6
3/1/2009,37.2,40.1,36.5,41.3,30.5,31.6,39.4,34.4,43.2,37.2,31.8,40
4/1/2009,39.9,43.7,36.7,46,33.5,31.4,42.9,36.1,45.2,46.8,37.2,39.9
5/1/2009,44.1,44.4,48.3,51,35.3,45,46.4,34.5,43.3,45.9,38.4,47.1
6/1/2009,46.3,46.4,54.6,49,45,47.9,49.1,33.5,48.8,49.4,41.5,52.9
7/1/2009,49.7,47.1,58.8,56.6,47.1,52.8,48.3,34.2,47.2,49.8,41.2,41.5
8/1/2009,53.4,48.9,62.2,64.1,47.5,62.3,55.1,38.6,52,51.5,43.1,60.8
9/1/2009,54.9,50.1,62.1,64.7,48.6,63.3,55.6,41.6,53.5,52.7,44.3,49.6
10/1/2009,57.6,51,64.4,57.7,53.5,64.3,57.2,51.7,54.9,55.7,42.7,53.5
11/1/2009,55.4,49.5,63.4,64.2,51.2,55.4,53.9,41,51.6,54.6,43.4,58.9
12/1/2009,55.8,49.7,60.1,63.8,52.6,63.8,54.1,43.8,52.5,51.5,44.4,58.9
1/1/2010,56.3,50,62.8,59.9,55.2,68,57,46.3,51.6,52.9,44.8,59.4
2/1/2010,55.5,51.7,57,57.7,55.7,65.1,56.3,50.2,53.3,53.4,46.7,58.7
3/1/2010,58.8,53.3,57.3,60.1,55.8,75.2,59.8,56.8,57.8,58.1,47.8,60.9
4/1/2010,58.1,55.3,62.3,64,54.8,78,61.9,49.9,59.9,58,49.9,63.8
5/1/2010,57.4,55.5,62.1,61.3,57.9,77,58.5,47.8,61.3,57.9,49.9,60.8
6/1/2010,56.5,54.4,63,58.6,56.8,54.9,58.2,47.3,59.3,56.6,48.8,56.7
7/1/2010,56.1,54.6,56.1,54.7,58.6,55.6,53.8,49.8,57.3,58.2,50.9,56.1
8/1/2010,56.4,52.4,56.3,54,61.2,61.8,56,52.8,55.4,54.3,48.7,59.2
9/1/2010,55.3,53.3,57.3,51.9,58,69.8,54.2,56.4,52.9,54.2,51,59.5
10/1/2010,56.9,55.3,61.5,57.8,57.5,73.8,58.1,56.1,59.8,58.4,51.9,68.2
11/1/2010,57.3,56.4,55.7,58.3,60.2,69,55.7,53.4,59.1,58.4,55.6,65.6
12/1/2010,56.6,56.9,62.5,59.6,56.7,73.3,51.8,49.7,62.3,62.2,51.5,69.3
1/1/2011,59.1,57.6,65.3,64.5,61.6,79.6,62.1,49.8,61.6,63,52.1,70
2/1/2011,59.2,58,63.8,64.2,62.3,80.2,63,47.4,63.8,61.9,54.2,70.9
3/1/2011,58.4,55.8,61.9,61.3,60.5,82.3,56.4,48.3,58.6,59.6,53.3,70.9
4/1/2011,57.9,55.2,59,61.1,59.2,82.6,63.8,50.9,57,56.3,54.3,71
5/1/2011,54.8,55,54.8,54.6,58.1,77.9,56.4,49.9,54.9,56,55.1,70.3
6/1/2011,55.8,54.2,54.5,54.6,62.1,70.3,53.8,51.7,56.3,55.4,53.1,62.4
7/1/2011,52.9,53.5,54.6,56.9,53.2,59.1,54.4,46.9,56.3,53.7,53.4,60.7
8/1/2011,52.6,53.5,51.4,52.9,51.8,57.5,52.4,53.9,55.7,53.9,51.5,61.3
9/1/2011,53.7,52.3,54.7,51.8,56.6,57,55,53.5,56.2,54.6,48.8,60.9
10/1/2011,51.4,52.8,52.3,52,53,41.4,50.4,48.4,54,53.4,51.8,57.7
11/1/2011,51.8,52.9,56.6,54.9,51.3,48.1,51.6,45,55.8,53.4,52.5,63.4
12/1/2011,53,52.6,60.9,55.4,54.9,45.4,51.8,45,56,54.2,48.5,62.2
1/1/2012,54.2,57.3,58.1,60,52.9,53.5,54.7,49.7,61.2,62.8,54.2,63.8
2/1/2012,53.3,55.9,58.2,58.3,53.7,60.1,58,49.4,60.6,59.5,53.9,65.4
3/1/2012,53.5,55.6,56.2,57,55.6,62.3,53.6,48.8,59.3,58.2,55.5,63.7
4/1/2012,55.2,55.3,61.2,59.2,56.1,61,58.2,49.7,57,56.6,56.2,58.7
5/1/2012,53.2,55.1,55.1,58.2,54.8,47.2,52.5,47.2,56,56.3,55.1,54
6/1/2012,49.5,53.6,52.2,47.3,55.1,35.7,47.7,42.3,56,54.3,52.9,48.5
7/1/2012,49.6,52.1,50.2,47.8,51.3,39.4,47.9,49.3,54.8,52.9,51.1,52.8
8/1/2012,49,52.1,48.3,45.1,50.4,54.4,46.3,52.1,52.2,52.8,52,62.1
9/1/2012,50.8,53.8,48.8,52.2,52.4,60,49.5,49.6,57.8,53.7,52.1,65
10/1/2012,50.5,54.3,49.8,51.8,52.8,55.5,50.5,50.1,57.5,56.5,51.6,60.9
11/1/2012,48,53.9,49.2,47.9,47.3,52.1,49.4,48.1,57.4,56.3,52.8,58.3
12/1/2012,50.1,55.7,51.1,48.3,52.5,54,52.8,47.5,61.7,58.9,53.8,58.3
1/1/2013,53.3,55.9,55.1,54.9,53,56.9,49.1,50.4,57.3,58.5,55.3,60
2/1/2013,54.2,56.6,59,58.9,53.2,62.2,52.5,50.1,58.5,60,56.6,59.9
3/1/2013,51.9,55.9,54.3,52.3,53.3,53.7,55.6,48.8,59.3,57.8,53.6,55.6
4/1/2013,51,54.3,53.8,53,50.7,48.5,52.8,46.2,55.8,56.1,54.2,53.8
5/1/2013,50.8,54.8,52.9,52.1,50.3,49.9,50.7,48.7,57.2,56.7,53.2,53
6/1/2013,51.1,53.6,53.7,52,49.6,50.7,52.9,48.9,54.8,52.9,55.3,53.7
7/1/2013,53.8,55.2,60.2,56.4,52.1,48.4,54.3,47.6,59.1,54.6,54.4,55.3
8/1/2013,54,55.3,58.6,58,53.5,52.8,55.3,47.9,55.9,55.5,55.2,53.5
9/1/2013,54.6,53.6,57.8,60.2,52.8,57.4,51.9,49,55.1,57,52.3,56.4
10/1/2013,54.6,53.9,57.4,57.4,53.2,55,56.3,52.4,57.6,56.1,53,56.2
11/1/2013,55.5,53.1,58.9,59.5,54.4,51.7,58.4,53.9,53.3,54.4,53.5,53.2
12/1/2013,56.5,53.5,61.4,63.9,53,51.7,55.2,52.2,56.4,51.6,54.3,56.9
1/1/2014,52.5,55.2,55.7,54.6,53.3,60.3,55.3,43.9,57.8,54.1,56.5,60
2/1/2014,55,53.4,53.9,58.6,54.6,59.8,52.7,50.7,56.9,54.9,48.7,56.4
3/1/2014,55.9,54.9,58.3,58.8,54,59,55.1,52.6,57,56,54.5,58.1
4/1/2014,56.6,55.7,57.9,57.3,57.5,55.9,57.5,53.2,60.4,58.7,53.1,61
5/1/2014,55.7,56,59.4,57.9,55.1,58.7,57.3,53,60.1,58.8,55.2,58.5
6/1/2014,55,56.8,59.7,56.8,53.4,57,54.5,52.3,60.4,61.1,54.7,58.6
7/1/2014,55.1,56.9,58.7,57.4,55.1,60.1,52.3,49.8,59.4,60.4,56.2,58.1
8/1/2014,56.3,58,60.1,60.1,56.9,56.9,56.3,50.9,61.9,61.1,56.4,57.7
9/1/2014,55.7,57.3,62,58.9,54.1,58.7,53.5,51.1,61.6,59.5,55.9,55.1
10/1/2014,56.2,55.8,60.7,59.8,53.8,52.7,52,52.7,59.1,58.6,56.2,52
11/1/2014,56.3,58.2,60.2,61.6,53.7,44.4,54.5,52.2,62.1,61.1,55.2,54.5
12/1/2014,55.7,57.2,58.7,58.2,57.2,37.8,51.9,48.5,61.1,60.2,54.8,51.1
1/1/2015,53.9,56.2,55.9,54.3,55,35.1,50.3,50.2,59.9,59,52,47.3
2/1/2015,53,57.6,55,53.9,51.8,35.2,48.9,49.8,60.2,58,57.4,50.9
3/1/2015,52.1,58.4,55,52.6,51,40.1,47.3,50.2,61.2,60.6,57.8,53.6
4/1/2015,51.9,57.5,55.7,52.8,50.4,41.6,51,49.7,60.3,58.1,58,50.4
5/1/2015,52.9,56.7,54.6,53.3,52.9,49,50.1,51.6,60.8,58.9,57.2,53.7
6/1/2015,52.5,55.7,53.2,54.4,53.5,49.7,48.8,52.4,60.8,57.7,53,52.3
7/1/2015,52,60.1,53.9,52.9,51.9,45.1,48.2,50.6,65.3,62.8,59.4,52.5
8/1/2015,50.2,58.6,52.6,51.5,48.9,38.8,47.2,47.9,63.1,62.5,56.2,51.1
9/1/2015,50.1,56.1,51.5,50.4,49.8,37.6,45.7,48.7,59.9,56.6,55.5,48.4
10/1/2015,49.1,56.9,51.9,52.1,45.6,39.8,49.1,46.5,59.6,59.2,56.8,48.3
11/1/2015,49.1,56.1,50.2,50.1,51.2,35.7,46.9,45.7,58.4,59.3,53.6,48.8
12/1/2015,48.7,55.3,49.8,49,46.8,33.9,51.2,48.8,59.3,58.2,55.1,50.6
1/1/2016,47.6,53.8,49,49.9,44.5,33.9,46.7,44.4,54.8,56.9,52,47
2/1/2016,49.2,52.8,51.9,52.1,47.5,38.3,46.4,44.7,55.9,53.3,51.4,45.9
3/1/2016,51,55.4,54.8,54.7,47.1,52.1,51.8,46.9,60.5,58,52.3,50.6
4/1/2016,51.3,55.2,53.8,55.8,50.3,57.9,53.7,45.5,57.4,57.1,55.1,53.9
5/1/2016,51.4,54.1,53.9,55.1,49.1,61.4,52.2,44.9,56.6,56.8,50.7,55
6/1/2016,52.2,55.8,54.2,56.3,48.7,59.8,54.4,48,58,58.5,52.7,55.9
7/1/2016,52.7,56.2,54.6,55.9,49.5,54.9,52.8,50.7,61.5,60.5,51.7,52.6
8/1/2016,49.8,52.6,50.1,51.2,47.8,53.6,51.9,48.4,54.3,53.4,51,52
9/1/2016,51.1,55.4,53.3,53.4,49.1,53.1,52.1,49.3,58,58.4,54.2,52.8
10/1/2016,51.8,54.3,53.9,54.2,51.2,54.8,51.5,48.2,57.6,57.6,51.4,54.8
11/1/2016,53.2,56.4,55,55.5,51.6,53.5,51.8,50,60,58.6,55.2,54.6
12/1/2016,54.4,55.8,58.7,59,53.3,64.2,56.2,48.5,59.9,58.6,52.7,56.3
1/1/2017,55.7,57,60.8,59.8,55.2,67.9,55.2,49.3,61.7,60.3,53.7,57.2
2/1/2017,57.7,56.6,62.8,64.5,54.5,66.9,55,50.9,62.2,58.4,55.3,57.9
3/1/2017,56.5,56.2,58.1,61.7,57.8,68.8,59.4,48.5,60.7,60.1,52.4,54.4
4/1/2017,55.8,57.2,59.4,57.4,54.3,68.3,58.9,51.4,61.1,61.1,53.4,58.3
5/1/2017,56.4,57.4,59,61.5,54,59.5,57.8,52.4,61.1,59.7,57.3,49.6
6/1/2017,56.2,56.8,60.3,60.4,55.9,53,58.2,48.8,59.1,59.4,56.3,53.6
7/1/2017,56.5,55.4,60.3,60.9,55.6,61.7,57.2,49.6,58.7,57.3,54.4,56.3
8/1/2017,58.4,55.8,60.3,60.7,59.6,61.7,56.1,54.5,58,58.2,56.5,58
9/1/2017,60,58.1,60.2,64.8,58.5,71.5,56.2,52.2,59.2,60.7,54.4,64.7
10/1/2017,58.6,60.4,62,63.7,59.4,68.1,55.1,47.8,62.7,64.8,56.2,61.1
11/1/2017,57.6,57.1,63.1,63.2,58.4,64.8,56.3,48.2,60.1,59,55.1,59.2
12/1/2017,59.7,56.3,65.9,66.8,58.4,68.3,57.6,50.9,59.1,54.2,56.4,61.2
1/1/2018,59.4,60,64.3,66.5,54.8,72.7,59.8,52.4,60.9,63.4,60.3,61.7
2/1/2018,60.9,58.5,63.1,64.9,59.7,74.2,62.8,55.2,62.1,61.1,55.6,62.4
3/1/2018,58.8,58.2,60.6,61.6,55.9,78.1,58.7,54.6,59.6,58.1,56.5,61.5
4/1/2018,58.6,57.6,60.3,62.7,55.9,79.3,57.7,52.6,60.1,60.6,55.1,62.3
5/1/2018,59,58,61.9,62.7,57.4,79.5,55.6,50.4,59.1,60.2,54.1,63.9
6/1/2018,59.9,58.5,60.6,64.6,55.6,76.8,56.3,50.8,62.3,61.6,54.5,61.1
7/1/2018,58.1,57.5,59.3,58.9,56.2,73.2,55.3,53.6,59.7,60.7,56.7,63.4
8/1/2018,60.5,59.5,62,63.8,58.4,72.1,55.2,54.1,62.1,62.8,57.2,62.3
9/1/2018,59.3,60.4,62,61.1,58.6,66.9,56,52.9,63.6,60.9,60.1,62.8
10/1/2018,58.1,60.8,60.8,59.1,56.1,71.6,52.2,50.6,63.7,63.2,58.9,61.1
11/1/2018,58.6,60.1,59.5,60.9,57.5,60.7,52.2,54.2,64.1,62.1,57.8,62.9
12/1/2018,54.9,58.1,55.6,52.5,56.4,54.9,52.8,53.5,61.7,62.6,56.5,59.1
1/1/2019,55.7,56.5,57.9,57,55.3,49.6,51.8,53,58.3,58.7,57.4,59.1
2/1/2019,54.4,59.1,55.8,55.9,52.8,49.4,52.8,52,65.1,62.1,55.8,55.8
3/1/2019,54.9,56.5,56,56.6,56.3,54.3,51.7,51,58.4,59.6,55.8,58.2
4/1/2019,53.6,55.3,53.8,53.5,53.1,50,49.5,52.5,58.9,58.2,53.6,56.1
5/1/2019,52.6,56.1,52.3,52.5,54.5,53.2,51,51.2,59.7,58.1,57,55.8
6/1/2019,51.5,55.2,52.5,50.7,53.8,47.9,50.5,49.3,58,56.1,55.2,58.2
7/1/2019,51,54.4,50.5,50.5,50.9,45.1,48.1,49.8,54.6,55,56.5,56.5
8/1/2019,48.5,56,47.7,46.4,48.1,46,43.3,48.6,60,59.7,53.6,58
9/1/2019,48.1,53.2,48.3,47.5,46.6,49.7,41,46.6,56.7,54.9,50.1,59.5
10/1/2019,48.1,54.8,46.2,48.1,47.2,45.5,50.4,48.8,56,56,54.7,56.4
11/1/2019,48.1,53.6,48.1,47.8,46.5,46.7,47.9,46.6,52.2,55.6,55.1,57
12/1/2019,47.9,55.7,45.5,47.6,45.4,51.7,47.3,48.6,58.6,56.7,55.2,59.8
1/1/2020,51.4,56,55.6,52.9,46.6,53.3,53.3,48.9,61.2,56.8,54.1,56.1
2/1/2020,50.3,56.9,50.3,50.8,46.5,45.9,51.2,46.8,59.5,59.9,55.9,52.3
3/1/2020,49.1,52.8,47.8,42.3,43.1,37.4,46.6,47.3,47.8,54.7,46.7,50.7
4/1/2020,41.6,41.5,27.4,27,27.9,35.3,35.3,49.9,25.9,32.6,29.3,55.6
5/1/2020,43.5,45.2,34,32.3,33.1,40.8,39.5,50.2,40.9,41.1,31.8,55.5
6/1/2020,52.4,56.8,56.1,56.8,41.7,51.3,47.6,50.4,64.6,62.1,42.9,61.6
7/1/2020,53.9,57,61.8,60.3,43.9,53.2,50.4,47.4,64.4,65.7,42.8,57
8/1/2020,55.4,57.4,61.7,65.4,47.1,59.5,53.3,44.6,62.8,58.7,47.6,63.7
9/1/2020,55.4,57.7,60.8,59.8,49.9,62.8,54.3,47.4,63.7,61.6,50.5,59.3
10/1/2020,58.8,56.1,62.7,67.3,52.3,65.5,55.7,51.1,60.4,56.8,51.1,62.8
11/1/2020,57.3,56.5,61.2,65.1,48.1,65.4,57.8,50.4,58.6,58.4,51.9,64.3
12/1/2020,60.5,57.8,65,67.4,51.6,77.6,57.5,50.9,60.9,58.9,48.6,65.4
1/1/2021,59.4,58.5,62,63.5,52.3,82.1,54.9,50.9,60.2,61,55.2,64.7
2/1/2021,60.9,55.9,62.8,66.4,53.7,86,57.2,49.9,56.8,53.1,52.8,71.6
3/1/2021,63.7,62.2,66.4,66.9,57.7,85.6,54.5,50.9,66.7,65.8,55.2,73.5
4/1/2021,60.6,62.7,62.6,64.3,54.4,89.6,54.9,46.9,63.2,63.5,57.8,76
5/1/2021,61.6,63.2,60.4,66.3,51.4,88,55.4,51.1,64.5,63.3,54.7,79.1
6/1/2021,60.9,60.7,60.9,66.4,50.9,92.1,56.2,51.3,61.9,62.8,49.7,78.8
7/1/2021,59.9,64.1,59.6,65,53.2,85.7,55.7,49.1,66.3,64.1,54.1,81.4
8/1/2021,59.7,62.2,59.4,65.5,50,79.4,56.6,54,61.5,63.8,54.1,75.9
9/1/2021,60.5,62.6,58.7,64.4,50.9,81.2,53.4,55.2,63.4,64.2,54.1,79.5
10/1/2021,60.8,66.7,59,60.6,52.1,85.7,54.6,56.4,69.4,69,52.8,83
11/1/2021,60.6,68.4,60.2,61.4,53,82.4,54,56.3,72.5,68.3,57,83
12/1/2021,58.8,62.3,59.4,61,53.9,68.2,53.6,54.6,68.3,62.1,54.7,83.9
1/1/2022,57.6,59.9,57.8,57.9,54.5,76.1,53.7,53.2,59.9,61.7,52.3,82.3
2/1/2022,58.6,56.5,58.5,61.7,52.9,75.6,57.1,53.6,55.1,56.1,48.5,83.1
3/1/2022,57.1,58.3,54.5,53.8,56.3,87.1,53.2,55.5,55.5,60.1,54,83.8
4/1/2022,55.4,57.1,53.6,53.5,50.9,84.6,52.7,51.6,59.1,54.6,49.5,84.6
5/1/2022,56.1,55.9,54.2,55.1,49.6,82.2,52.9,55.9,54.5,57.6,50.2,82.1
6/1/2022,53,55.3,54.9,49.2,47.3,78.5,50.7,56,56.1,55.6,47.4,80.1
7/1/2022,52.8,56.7,53.5,48,49.9,60,52.6,57.3,59.9,59.9,49.1,72.3
8/1/2022,52.8,56.9,50.4,51.3,54.2,52.5,49.4,53.1,60.9,61.8,50.2,71.5
9/1/2022,50.9,56.7,50.6,47.1,48.7,51.7,47.8,55.5,59.1,60.6,53,68.7
10/1/2022,50.2,54.4,52.3,49.2,50,46.6,46.5,52.5,55.7,56.5,49.1,70.7
11/1/2022,49,56.5,51.5,47.2,48.4,43,48.4,50.9,64.7,56,51.5,70
